cell,model,conversation,scispacy_entity_recall,medcat_entity_recall
embed_clinicalbert,gpt-oss-120b,CAR0001,0.40869565217391307,0.4722222222222222
embed_clinicalbert,gpt-oss-120b,CAR0002,0.4782608695652174,0.4230769230769231
embed_clinicalbert,gpt-oss-120b,CAR0004,0.47126436781609193,0.4606741573033708
embed_clinicalbert,gpt-oss-120b,CAR0005,0.3238095238095238,0.3888888888888889
embed_clinicalbert,gpt-oss-120b,DER0001,0.36153846153846153,0.4418604651162791
embed_clinicalbert,gpt-oss-120b,GAS0001,0.40425531914893614,0.4782608695652174
embed_clinicalbert,gpt-oss-120b,GAS0002,0.36082474226804123,0.4174757281553398
embed_clinicalbert,gpt-oss-120b,GAS0003,0.42574257425742573,0.4148936170212766
embed_clinicalbert,gpt-oss-120b,GAS0004,0.3548387096774194,0.4329896907216495
embed_clinicalbert,gpt-oss-120b,GAS0005,0.29333333333333333,0.32903225806451614
embed_clinicalbert,gpt-oss-120b,MSK0003,0.40119760479041916,0.38095238095238093
embed_clinicalbert,gpt-oss-120b,MSK0014,0.32608695652173914,0.3878787878787879
embed_clinicalbert,gpt-oss-120b,MSK0016,0.4095744680851064,0.4019607843137255
embed_clinicalbert,gpt-oss-120b,MSK0019,0.4195804195804196,0.4090909090909091
embed_clinicalbert,gpt-oss-120b,MSK0028,0.4090909090909091,0.4267515923566879
embed_clinicalbert,gpt-oss-120b,MSK0031,0.45652173913043476,0.4263565891472868
embed_clinicalbert,gpt-oss-120b,MSK0035,0.3712574850299401,0.4090909090909091
embed_clinicalbert,gpt-oss-120b,MSK0037,0.42424242424242425,0.4258064516129032
embed_clinicalbert,gpt-oss-120b,MSK0038,0.42528735632183906,0.48427672955974843
embed_clinicalbert,gpt-oss-120b,MSK0041,0.425414364640884,0.4968553459119497
embed_clinicalbert,gpt-oss-120b,RES0007,0.29518072289156627,0.3724137931034483
embed_clinicalbert,gpt-oss-120b,RES0008,0.4444444444444444,0.41379310344827586
embed_clinicalbert,gpt-oss-120b,RES0009,0.37404580152671757,0.366412213740458
embed_clinicalbert,gpt-oss-120b,RES0023,0.38317757009345793,0.550561797752809
embed_clinicalbert,gpt-oss-120b,RES0024,0.41025641025641024,0.46875
embed_clinicalbert,gpt-oss-120b,RES0027,0.4228187919463087,0.4225352112676056
embed_clinicalbert,gpt-oss-120b,RES0029,0.41304347826086957,0.5116279069767442
embed_clinicalbert,gpt-oss-120b,RES0036,0.4074074074074074,0.45323741007194246
embed_clinicalbert,gpt-oss-120b,RES0058,0.4041095890410959,0.43790849673202614
embed_clinicalbert,gpt-oss-120b,RES0060,0.42196531791907516,0.4228187919463087
embed_clinicalbert,gpt-oss-120b,RES0062,0.3081081081081081,0.39444444444444443
embed_clinicalbert,gpt-oss-120b,RES0065,0.3983050847457627,0.5192307692307693
embed_clinicalbert,gpt-oss-120b,RES0073,0.4603174603174603,0.43478260869565216
embed_clinicalbert,gpt-oss-120b,RES0111,0.48623853211009177,0.5346534653465347
embed_clinicalbert,gpt-oss-120b,RES0143,0.4090909090909091,0.43137254901960786
embed_clinicalbert,gpt-oss-120b,RES0155,0.43356643356643354,0.472
embed_clinicalbert,gpt-oss-120b,RES0168,0.423728813559322,0.4915254237288136
embed_clinicalbert,gpt-oss-120b,RES0178,0.4418604651162791,0.4838709677419355
embed_clinicalbert,gpt-oss-120b,RES0193,0.43537414965986393,0.460431654676259
embed_clinicalbert,gpt-oss-120b,RES0194,0.40131578947368424,0.5151515151515151
embed_clinicalbert,gpt-oss-20b,CAR0001,0.391304347826087,0.37037037037037035
embed_clinicalbert,gpt-oss-20b,CAR0002,0.4260869565217391,0.3942307692307692
embed_clinicalbert,gpt-oss-20b,CAR0004,0.42528735632183906,0.4157303370786517
embed_clinicalbert,gpt-oss-20b,CAR0005,0.34285714285714286,0.35185185185185186
embed_clinicalbert,gpt-oss-20b,DER0001,0.35384615384615387,0.40310077519379844
embed_clinicalbert,gpt-oss-20b,GAS0001,0.39361702127659576,0.44565217391304346
embed_clinicalbert,gpt-oss-20b,GAS0002,0.38144329896907214,0.3883495145631068
embed_clinicalbert,gpt-oss-20b,GAS0003,0.38613861386138615,0.40425531914893614
embed_clinicalbert,gpt-oss-20b,GAS0004,0.2903225806451613,0.32989690721649484
embed_clinicalbert,gpt-oss-20b,GAS0005,0.26,0.25806451612903225
embed_clinicalbert,gpt-oss-20b,MSK0003,0.3652694610778443,0.3741496598639456
embed_clinicalbert,gpt-oss-20b,MSK0014,0.391304347826087,0.32727272727272727
embed_clinicalbert,gpt-oss-20b,MSK0016,0.32978723404255317,0.3333333333333333
embed_clinicalbert,gpt-oss-20b,MSK0019,0.34265734265734266,0.4166666666666667
embed_clinicalbert,gpt-oss-20b,MSK0028,0.3352272727272727,0.36942675159235666
embed_clinicalbert,gpt-oss-20b,MSK0031,0.3695652173913043,0.3953488372093023
embed_clinicalbert,gpt-oss-20b,MSK0035,0.31137724550898205,0.37662337662337664
embed_clinicalbert,gpt-oss-20b,MSK0037,0.3575757575757576,0.4258064516129032
embed_clinicalbert,gpt-oss-20b,MSK0038,0.3275862068965517,0.39622641509433965
embed_clinicalbert,gpt-oss-20b,MSK0041,0.425414364640884,0.4716981132075472
embed_clinicalbert,gpt-oss-20b,RES0007,0.3072289156626506,0.31724137931034485
embed_clinicalbert,gpt-oss-20b,RES0008,0.3333333333333333,0.3563218390804598
embed_clinicalbert,gpt-oss-20b,RES0009,0.3511450381679389,0.3053435114503817
embed_clinicalbert,gpt-oss-20b,RES0023,0.411214953271028,0.4044943820224719
embed_clinicalbert,gpt-oss-20b,RES0024,0.38461538461538464,0.3854166666666667
embed_clinicalbert,gpt-oss-20b,RES0027,0.3422818791946309,0.3732394366197183
embed_clinicalbert,gpt-oss-20b,RES0029,0.42391304347826086,0.4418604651162791
embed_clinicalbert,gpt-oss-20b,RES0036,0.34074074074074073,0.41007194244604317
embed_clinicalbert,gpt-oss-20b,RES0058,0.3767123287671233,0.3660130718954248
embed_clinicalbert,gpt-oss-20b,RES0060,0.3699421965317919,0.44966442953020136
embed_clinicalbert,gpt-oss-20b,RES0062,0.31891891891891894,0.36666666666666664
embed_clinicalbert,gpt-oss-20b,RES0065,0.4152542372881356,0.4423076923076923
embed_clinicalbert,gpt-oss-20b,RES0073,0.42857142857142855,0.40869565217391307
embed_clinicalbert,gpt-oss-20b,RES0111,0.41284403669724773,0.43564356435643564
embed_clinicalbert,gpt-oss-20b,RES0143,0.36363636363636365,0.47058823529411764
embed_clinicalbert,gpt-oss-20b,RES0155,0.36363636363636365,0.464
embed_clinicalbert,gpt-oss-20b,RES0168,0.3728813559322034,0.4152542372881356
embed_clinicalbert,gpt-oss-20b,RES0178,0.32558139534883723,0.33064516129032256
embed_clinicalbert,gpt-oss-20b,RES0193,0.3401360544217687,0.3381294964028777
embed_clinicalbert,gpt-oss-20b,RES0194,0.34868421052631576,0.36363636363636365
embed_clinicalbert,qwen3-32b,CAR0001,0.4782608695652174,0.46296296296296297
embed_clinicalbert,qwen3-32b,CAR0002,0.3565217391304348,0.34615384615384615
embed_clinicalbert,qwen3-32b,CAR0004,0.4482758620689655,0.48314606741573035
embed_clinicalbert,qwen3-32b,CAR0005,0.3619047619047619,0.3148148148148148
embed_clinicalbert,qwen3-32b,DER0001,0.4307692307692308,0.40310077519379844
embed_clinicalbert,qwen3-32b,GAS0001,0.3617021276595745,0.43478260869565216
embed_clinicalbert,qwen3-32b,GAS0002,0.422680412371134,0.39805825242718446
embed_clinicalbert,qwen3-32b,GAS0003,0.43564356435643564,0.44680851063829785
embed_clinicalbert,qwen3-32b,GAS0004,0.3629032258064516,0.4329896907216495
embed_clinicalbert,qwen3-32b,GAS0005,0.29333333333333333,0.32903225806451614
embed_clinicalbert,qwen3-32b,MSK0003,0.39520958083832336,0.3877551020408163
embed_clinicalbert,qwen3-32b,MSK0014,0.3804347826086957,0.4121212121212121
embed_clinicalbert,qwen3-32b,MSK0016,0.3404255319148936,0.3137254901960784
embed_clinicalbert,qwen3-32b,MSK0019,0.4405594405594406,0.4318181818181818
embed_clinicalbert,qwen3-32b,MSK0028,0.3522727272727273,0.40764331210191085
embed_clinicalbert,qwen3-32b,MSK0031,0.4855072463768116,0.4186046511627907
embed_clinicalbert,qwen3-32b,MSK0035,0.3592814371257485,0.37662337662337664
embed_clinicalbert,qwen3-32b,MSK0037,0.3212121212121212,0.3225806451612903
embed_clinicalbert,qwen3-32b,MSK0038,0.3850574712643678,0.39622641509433965
embed_clinicalbert,qwen3-32b,MSK0041,0.48066298342541436,0.4716981132075472
embed_clinicalbert,qwen3-32b,RES0007,0.28313253012048195,0.32413793103448274
embed_clinicalbert,qwen3-32b,RES0008,0.41414141414141414,0.3563218390804598
embed_clinicalbert,qwen3-32b,RES0009,0.3282442748091603,0.2900763358778626
embed_clinicalbert,qwen3-32b,RES0023,0.35514018691588783,0.4606741573033708
embed_clinicalbert,qwen3-32b,RES0024,0.27350427350427353,0.375
embed_clinicalbert,qwen3-32b,RES0027,0.3624161073825503,0.4084507042253521
embed_clinicalbert,qwen3-32b,RES0029,0.41304347826086957,0.37209302325581395
embed_clinicalbert,qwen3-32b,RES0036,0.4148148148148148,0.39568345323741005
embed_clinicalbert,qwen3-32b,RES0058,0.3972602739726027,0.40522875816993464
embed_clinicalbert,qwen3-32b,RES0060,0.3988439306358382,0.436241610738255
embed_clinicalbert,qwen3-32b,RES0062,0.3567567567567568,0.34444444444444444
embed_clinicalbert,qwen3-32b,RES0065,0.3728813559322034,0.4519230769230769
embed_clinicalbert,qwen3-32b,RES0073,0.3412698412698413,0.3739130434782609
embed_clinicalbert,qwen3-32b,RES0111,0.42201834862385323,0.43564356435643564
embed_clinicalbert,qwen3-32b,RES0143,0.42727272727272725,0.46078431372549017
embed_clinicalbert,qwen3-32b,RES0155,0.34965034965034963,0.408
embed_clinicalbert,qwen3-32b,RES0168,0.423728813559322,0.3728813559322034
embed_clinicalbert,qwen3-32b,RES0178,0.4186046511627907,0.3467741935483871
embed_clinicalbert,qwen3-32b,RES0193,0.4013605442176871,0.41007194244604317
embed_clinicalbert,qwen3-32b,RES0194,0.39473684210526316,0.4090909090909091
embed_pubmedbert,gpt-oss-120b,CAR0001,0.4260869565217391,0.4351851851851852
embed_pubmedbert,gpt-oss-120b,CAR0002,0.4608695652173913,0.3942307692307692
embed_pubmedbert,gpt-oss-120b,CAR0004,0.4367816091954023,0.48314606741573035
embed_pubmedbert,gpt-oss-120b,CAR0005,0.3238095238095238,0.35185185185185186
embed_pubmedbert,gpt-oss-120b,DER0001,0.4,0.4186046511627907
embed_pubmedbert,gpt-oss-120b,GAS0001,0.40425531914893614,0.41304347826086957
embed_pubmedbert,gpt-oss-120b,GAS0002,0.422680412371134,0.4563106796116505
embed_pubmedbert,gpt-oss-120b,GAS0003,0.45544554455445546,0.44680851063829785
embed_pubmedbert,gpt-oss-120b,GAS0004,0.3064516129032258,0.36082474226804123
embed_pubmedbert,gpt-oss-120b,GAS0005,0.3933333333333333,0.4
embed_pubmedbert,gpt-oss-120b,MSK0003,0.4491017964071856,0.42857142857142855
embed_pubmedbert,gpt-oss-120b,MSK0014,0.375,0.42424242424242425
embed_pubmedbert,gpt-oss-120b,MSK0016,0.35638297872340424,0.4068627450980392
embed_pubmedbert,gpt-oss-120b,MSK0019,0.3776223776223776,0.36363636363636365
embed_pubmedbert,gpt-oss-120b,MSK0028,0.4147727272727273,0.42038216560509556
embed_pubmedbert,gpt-oss-120b,MSK0031,0.427536231884058,0.43410852713178294
embed_pubmedbert,gpt-oss-120b,MSK0035,0.38922155688622756,0.3961038961038961
embed_pubmedbert,gpt-oss-120b,MSK0037,0.3575757575757576,0.36774193548387096
embed_pubmedbert,gpt-oss-120b,MSK0038,0.3850574712643678,0.42138364779874216
embed_pubmedbert,gpt-oss-120b,MSK0041,0.430939226519337,0.4779874213836478
embed_pubmedbert,gpt-oss-120b,RES0007,0.3614457831325301,0.41379310344827586
embed_pubmedbert,gpt-oss-120b,RES0008,0.43434343434343436,0.41379310344827586
embed_pubmedbert,gpt-oss-120b,RES0009,0.37404580152671757,0.366412213740458
embed_pubmedbert,gpt-oss-120b,RES0023,0.4485981308411215,0.47191011235955055
embed_pubmedbert,gpt-oss-120b,RES0024,0.39316239316239315,0.4375
embed_pubmedbert,gpt-oss-120b,RES0027,0.3691275167785235,0.4225352112676056
embed_pubmedbert,gpt-oss-120b,RES0029,0.40217391304347827,0.47674418604651164
embed_pubmedbert,gpt-oss-120b,RES0036,0.4148148148148148,0.4244604316546763
embed_pubmedbert,gpt-oss-120b,RES0058,0.4246575342465753,0.4444444444444444
embed_pubmedbert,gpt-oss-120b,RES0060,0.3815028901734104,0.4563758389261745
embed_pubmedbert,gpt-oss-120b,RES0062,0.34594594594594597,0.4
embed_pubmedbert,gpt-oss-120b,RES0065,0.5084745762711864,0.6153846153846154
embed_pubmedbert,gpt-oss-120b,RES0073,0.42063492063492064,0.4608695652173913
embed_pubmedbert,gpt-oss-120b,RES0111,0.44036697247706424,0.49504950495049505
embed_pubmedbert,gpt-oss-120b,RES0143,0.4,0.45098039215686275
embed_pubmedbert,gpt-oss-120b,RES0155,0.4195804195804196,0.48
embed_pubmedbert,gpt-oss-120b,RES0168,0.4830508474576271,0.4745762711864407
embed_pubmedbert,gpt-oss-120b,RES0178,0.4418604651162791,0.43548387096774194
embed_pubmedbert,gpt-oss-120b,RES0193,0.3945578231292517,0.43884892086330934
embed_pubmedbert,gpt-oss-120b,RES0194,0.39473684210526316,0.4393939393939394
embed_pubmedbert,gpt-oss-20b,CAR0001,0.3826086956521739,0.3425925925925926
embed_pubmedbert,gpt-oss-20b,CAR0002,0.40869565217391307,0.41346153846153844
embed_pubmedbert,gpt-oss-20b,CAR0004,0.45977011494252873,0.4157303370786517
embed_pubmedbert,gpt-oss-20b,CAR0005,0.29523809523809524,0.3425925925925926
embed_pubmedbert,gpt-oss-20b,DER0001,0.3923076923076923,0.4186046511627907
embed_pubmedbert,gpt-oss-20b,GAS0001,0.39361702127659576,0.4673913043478261
embed_pubmedbert,gpt-oss-20b,GAS0002,0.32989690721649484,0.3883495145631068
embed_pubmedbert,gpt-oss-20b,GAS0003,0.297029702970297,0.30851063829787234
embed_pubmedbert,gpt-oss-20b,GAS0004,0.31451612903225806,0.3711340206185567
embed_pubmedbert,gpt-oss-20b,GAS0005,0.3,0.27741935483870966
embed_pubmedbert,gpt-oss-20b,MSK0003,0.40119760479041916,0.38095238095238093
embed_pubmedbert,gpt-oss-20b,MSK0014,0.34782608695652173,0.36363636363636365
embed_pubmedbert,gpt-oss-20b,MSK0016,0.4095744680851064,0.36764705882352944
embed_pubmedbert,gpt-oss-20b,MSK0019,0.34965034965034963,0.4090909090909091
embed_pubmedbert,gpt-oss-20b,MSK0028,0.35795454545454547,0.35668789808917195
embed_pubmedbert,gpt-oss-20b,MSK0031,0.42028985507246375,0.43410852713178294
embed_pubmedbert,gpt-oss-20b,MSK0035,0.3413173652694611,0.36363636363636365
embed_pubmedbert,gpt-oss-20b,MSK0037,0.36363636363636365,0.4
embed_pubmedbert,gpt-oss-20b,MSK0038,0.3563218390804598,0.41509433962264153
embed_pubmedbert,gpt-oss-20b,MSK0041,0.4198895027624309,0.4276729559748428
embed_pubmedbert,gpt-oss-20b,RES0007,0.24096385542168675,0.33793103448275863
embed_pubmedbert,gpt-oss-20b,RES0008,0.3939393939393939,0.4367816091954023
embed_pubmedbert,gpt-oss-20b,RES0009,0.31297709923664124,0.3816793893129771
embed_pubmedbert,gpt-oss-20b,RES0023,0.37383177570093457,0.4606741573033708
embed_pubmedbert,gpt-oss-20b,RES0024,0.3504273504273504,0.3645833333333333
embed_pubmedbert,gpt-oss-20b,RES0027,0.33557046979865773,0.45774647887323944
embed_pubmedbert,gpt-oss-20b,RES0029,0.44565217391304346,0.45348837209302323
embed_pubmedbert,gpt-oss-20b,RES0036,0.4074074074074074,0.39568345323741005
embed_pubmedbert,gpt-oss-20b,RES0058,0.3356164383561644,0.2875816993464052
embed_pubmedbert,gpt-oss-20b,RES0060,0.3468208092485549,0.35570469798657717
embed_pubmedbert,gpt-oss-20b,RES0062,0.31351351351351353,0.35555555555555557
embed_pubmedbert,gpt-oss-20b,RES0065,0.4576271186440678,0.5
embed_pubmedbert,gpt-oss-20b,RES0073,0.3888888888888889,0.4608695652173913
embed_pubmedbert,gpt-oss-20b,RES0111,0.3486238532110092,0.39603960396039606
embed_pubmedbert,gpt-oss-20b,RES0143,0.3,0.38235294117647056
embed_pubmedbert,gpt-oss-20b,RES0155,0.3076923076923077,0.424
embed_pubmedbert,gpt-oss-20b,RES0168,0.3813559322033898,0.4322033898305085
embed_pubmedbert,gpt-oss-20b,RES0178,0.2868217054263566,0.27419354838709675
embed_pubmedbert,gpt-oss-20b,RES0193,0.32653061224489793,0.38848920863309355
embed_pubmedbert,gpt-oss-20b,RES0194,0.3881578947368421,0.45454545454545453
embed_pubmedbert,qwen3-32b,CAR0001,0.4,0.39814814814814814
embed_pubmedbert,qwen3-32b,CAR0002,0.3826086956521739,0.3557692307692308
embed_pubmedbert,qwen3-32b,CAR0004,0.4827586206896552,0.5168539325842697
embed_pubmedbert,qwen3-32b,CAR0005,0.3333333333333333,0.2777777777777778
embed_pubmedbert,qwen3-32b,DER0001,0.2923076923076923,0.32558139534883723
embed_pubmedbert,qwen3-32b,GAS0001,0.35106382978723405,0.44565217391304346
embed_pubmedbert,qwen3-32b,GAS0002,0.4536082474226804,0.42718446601941745
embed_pubmedbert,qwen3-32b,GAS0003,0.37623762376237624,0.32978723404255317
embed_pubmedbert,qwen3-32b,GAS0004,0.3870967741935484,0.41237113402061853
embed_pubmedbert,qwen3-32b,GAS0005,0.3,0.36129032258064514
embed_pubmedbert,qwen3-32b,MSK0003,0.4491017964071856,0.46938775510204084
embed_pubmedbert,qwen3-32b,MSK0014,0.40217391304347827,0.40606060606060607
embed_pubmedbert,qwen3-32b,MSK0016,0.39361702127659576,0.35784313725490197
embed_pubmedbert,qwen3-32b,MSK0019,0.4755244755244755,0.4621212121212121
embed_pubmedbert,qwen3-32b,MSK0028,0.3522727272727273,0.39490445859872614
embed_pubmedbert,qwen3-32b,MSK0031,0.4782608695652174,0.43410852713178294
embed_pubmedbert,qwen3-32b,MSK0035,0.3712574850299401,0.3181818181818182
embed_pubmedbert,qwen3-32b,MSK0037,0.3515151515151515,0.34838709677419355
embed_pubmedbert,qwen3-32b,MSK0038,0.39080459770114945,0.4276729559748428
embed_pubmedbert,qwen3-32b,MSK0041,0.48066298342541436,0.5408805031446541
embed_pubmedbert,qwen3-32b,RES0007,0.24096385542168675,0.2620689655172414
embed_pubmedbert,qwen3-32b,RES0008,0.35353535353535354,0.3448275862068966
embed_pubmedbert,qwen3-32b,RES0009,0.3435114503816794,0.3282442748091603
embed_pubmedbert,qwen3-32b,RES0023,0.35514018691588783,0.4157303370786517
embed_pubmedbert,qwen3-32b,RES0024,0.36752136752136755,0.4270833333333333
embed_pubmedbert,qwen3-32b,RES0027,0.3624161073825503,0.3873239436619718
embed_pubmedbert,qwen3-32b,RES0029,0.3804347826086957,0.3953488372093023
embed_pubmedbert,qwen3-32b,RES0036,0.4148148148148148,0.41007194244604317
embed_pubmedbert,qwen3-32b,RES0058,0.3835616438356164,0.35294117647058826
embed_pubmedbert,qwen3-32b,RES0060,0.47398843930635837,0.4697986577181208
embed_pubmedbert,qwen3-32b,RES0062,0.3621621621621622,0.34444444444444444
embed_pubmedbert,qwen3-32b,RES0065,0.5,0.5480769230769231
embed_pubmedbert,qwen3-32b,RES0073,0.38095238095238093,0.4
embed_pubmedbert,qwen3-32b,RES0111,0.46788990825688076,0.4752475247524752
embed_pubmedbert,qwen3-32b,RES0143,0.4090909090909091,0.47058823529411764
embed_pubmedbert,qwen3-32b,RES0155,0.3916083916083916,0.456
embed_pubmedbert,qwen3-32b,RES0168,0.3983050847457627,0.423728813559322
embed_pubmedbert,qwen3-32b,RES0178,0.43410852713178294,0.4274193548387097
embed_pubmedbert,qwen3-32b,RES0193,0.43537414965986393,0.37410071942446044
embed_pubmedbert,qwen3-32b,RES0194,0.34868421052631576,0.4015151515151515
k1,gpt-oss-120b,CAR0001,0.46956521739130436,0.5
k1,gpt-oss-120b,CAR0002,0.5130434782608696,0.46153846153846156
k1,gpt-oss-120b,CAR0004,0.41379310344827586,0.48314606741573035
k1,gpt-oss-120b,CAR0005,0.3619047619047619,0.35185185185185186
k1,gpt-oss-120b,DER0001,0.4153846153846154,0.4186046511627907
k1,gpt-oss-120b,GAS0001,0.4574468085106383,0.532608695652174
k1,gpt-oss-120b,GAS0002,0.4020618556701031,0.49514563106796117
k1,gpt-oss-120b,GAS0003,0.39603960396039606,0.4148936170212766
k1,gpt-oss-120b,GAS0004,0.3225806451612903,0.4020618556701031
k1,gpt-oss-120b,GAS0005,0.3,0.3096774193548387
k1,gpt-oss-120b,MSK0003,0.3712574850299401,0.40816326530612246
k1,gpt-oss-120b,MSK0014,0.40217391304347827,0.4303030303030303
k1,gpt-oss-120b,MSK0016,0.3617021276595745,0.43137254901960786
k1,gpt-oss-120b,MSK0019,0.4125874125874126,0.4621212121212121
k1,gpt-oss-120b,MSK0028,0.3693181818181818,0.39490445859872614
k1,gpt-oss-120b,MSK0031,0.427536231884058,0.43410852713178294
k1,gpt-oss-120b,MSK0035,0.3712574850299401,0.43506493506493504
k1,gpt-oss-120b,MSK0037,0.43636363636363634,0.3935483870967742
k1,gpt-oss-120b,MSK0038,0.41954022988505746,0.46540880503144655
k1,gpt-oss-120b,MSK0041,0.4530386740331492,0.48427672955974843
k1,gpt-oss-120b,RES0007,0.2891566265060241,0.36551724137931035
k1,gpt-oss-120b,RES0008,0.3939393939393939,0.42528735632183906
k1,gpt-oss-120b,RES0009,0.35877862595419846,0.366412213740458
k1,gpt-oss-120b,RES0023,0.45794392523364486,0.47191011235955055
k1,gpt-oss-120b,RES0024,0.4188034188034188,0.4479166666666667
k1,gpt-oss-120b,RES0027,0.3422818791946309,0.3873239436619718
k1,gpt-oss-120b,RES0029,0.40217391304347827,0.4418604651162791
k1,gpt-oss-120b,RES0036,0.43703703703703706,0.4316546762589928
k1,gpt-oss-120b,RES0058,0.3904109589041096,0.43790849673202614
k1,gpt-oss-120b,RES0060,0.3930635838150289,0.40939597315436244
k1,gpt-oss-120b,RES0062,0.32432432432432434,0.4
k1,gpt-oss-120b,RES0065,0.4406779661016949,0.49038461538461536
k1,gpt-oss-120b,RES0073,0.4603174603174603,0.48695652173913045
k1,gpt-oss-120b,RES0111,0.48623853211009177,0.504950495049505
k1,gpt-oss-120b,RES0143,0.41818181818181815,0.46078431372549017
k1,gpt-oss-120b,RES0155,0.4195804195804196,0.44
k1,gpt-oss-120b,RES0168,0.4661016949152542,0.5
k1,gpt-oss-120b,RES0178,0.43410852713178294,0.4596774193548387
k1,gpt-oss-120b,RES0193,0.4013605442176871,0.460431654676259
k1,gpt-oss-120b,RES0194,0.3815789473684211,0.5151515151515151
k1,gpt-oss-20b,CAR0001,0.4,0.3611111111111111
k1,gpt-oss-20b,CAR0002,0.391304347826087,0.41346153846153844
k1,gpt-oss-20b,CAR0004,0.47126436781609193,0.3595505617977528
k1,gpt-oss-20b,CAR0005,0.3142857142857143,0.3333333333333333
k1,gpt-oss-20b,DER0001,0.2923076923076923,0.32558139534883723
k1,gpt-oss-20b,GAS0001,0.35106382978723405,0.391304347826087
k1,gpt-oss-20b,GAS0002,0.38144329896907214,0.3786407766990291
k1,gpt-oss-20b,GAS0003,0.37623762376237624,0.39361702127659576
k1,gpt-oss-20b,GAS0004,0.3225806451612903,0.25773195876288657
k1,gpt-oss-20b,GAS0005,0.30666666666666664,0.2967741935483871
k1,gpt-oss-20b,MSK0003,0.32934131736526945,0.36054421768707484
k1,gpt-oss-20b,MSK0014,0.3641304347826087,0.3515151515151515
k1,gpt-oss-20b,MSK0016,0.3351063829787234,0.37254901960784315
k1,gpt-oss-20b,MSK0019,0.3356643356643357,0.4090909090909091
k1,gpt-oss-20b,MSK0028,0.375,0.4140127388535032
k1,gpt-oss-20b,MSK0031,0.41304347826086957,0.4573643410852713
k1,gpt-oss-20b,MSK0035,0.31137724550898205,0.35714285714285715
k1,gpt-oss-20b,MSK0037,0.38181818181818183,0.4645161290322581
k1,gpt-oss-20b,MSK0038,0.3505747126436782,0.41509433962264153
k1,gpt-oss-20b,MSK0041,0.4143646408839779,0.44654088050314467
k1,gpt-oss-20b,RES0007,0.25301204819277107,0.2896551724137931
k1,gpt-oss-20b,RES0008,0.31313131313131315,0.3218390804597701
k1,gpt-oss-20b,RES0009,0.32061068702290074,0.33587786259541985
k1,gpt-oss-20b,RES0023,0.411214953271028,0.4044943820224719
k1,gpt-oss-20b,RES0024,0.36752136752136755,0.4375
k1,gpt-oss-20b,RES0027,0.38926174496644295,0.39436619718309857
k1,gpt-oss-20b,RES0029,0.42391304347826086,0.47674418604651164
k1,gpt-oss-20b,RES0036,0.34074074074074073,0.3669064748201439
k1,gpt-oss-20b,RES0058,0.3698630136986301,0.35947712418300654
k1,gpt-oss-20b,RES0060,0.3699421965317919,0.3959731543624161
k1,gpt-oss-20b,RES0062,0.32432432432432434,0.31666666666666665
k1,gpt-oss-20b,RES0065,0.3474576271186441,0.40384615384615385
k1,gpt-oss-20b,RES0073,0.40476190476190477,0.4260869565217391
k1,gpt-oss-20b,RES0111,0.43119266055045874,0.49504950495049505
k1,gpt-oss-20b,RES0143,0.42727272727272725,0.4411764705882353
k1,gpt-oss-20b,RES0155,0.3076923076923077,0.4
k1,gpt-oss-20b,RES0168,0.4322033898305085,0.4576271186440678
k1,gpt-oss-20b,RES0178,0.34108527131782945,0.3548387096774194
k1,gpt-oss-20b,RES0193,0.3401360544217687,0.3669064748201439
k1,gpt-oss-20b,RES0194,0.32894736842105265,0.4696969696969697
k1,medgemma-4b,CAR0001,0.4,0.42592592592592593
k1,medgemma-4b,CAR0002,0.2956521739130435,0.25
k1,medgemma-4b,CAR0004,0.27586206896551724,0.3258426966292135
k1,medgemma-4b,CAR0005,0.02857142857142857,0.027777777777777776
k1,medgemma-4b,DER0001,0.26153846153846155,0.3023255813953488
k1,medgemma-4b,GAS0001,0.39361702127659576,0.44565217391304346
k1,medgemma-4b,GAS0002,0.4020618556701031,0.3592233009708738
k1,medgemma-4b,GAS0003,0.3465346534653465,0.2978723404255319
k1,medgemma-4b,GAS0004,0.3951612903225806,0.3402061855670103
k1,medgemma-4b,GAS0005,0.22666666666666666,0.2064516129032258
k1,medgemma-4b,MSK0003,0.32934131736526945,0.3129251700680272
k1,medgemma-4b,MSK0014,0.25,0.24848484848484848
k1,medgemma-4b,MSK0016,0.2074468085106383,0.20588235294117646
k1,medgemma-4b,MSK0019,0.2517482517482518,0.26515151515151514
k1,medgemma-4b,MSK0028,0.1590909090909091,0.17834394904458598
k1,medgemma-4b,MSK0031,0.2753623188405797,0.26356589147286824
k1,medgemma-4b,MSK0035,0.4431137724550898,0.42857142857142855
k1,medgemma-4b,MSK0038,0.16666666666666666,0.1949685534591195
k1,medgemma-4b,MSK0041,0.46408839779005523,0.4276729559748428
k1,medgemma-4b,RES0007,0.18072289156626506,0.2206896551724138
k1,medgemma-4b,RES0008,0.31313131313131315,0.3333333333333333
k1,medgemma-4b,RES0009,0.2824427480916031,0.2366412213740458
k1,medgemma-4b,RES0023,0.2803738317757009,0.3707865168539326
k1,medgemma-4b,RES0024,0.13675213675213677,0.16666666666666666
k1,medgemma-4b,RES0027,0.26174496644295303,0.31690140845070425
k1,medgemma-4b,RES0029,0.17391304347826086,0.18604651162790697
k1,medgemma-4b,RES0036,0.23703703703703705,0.2302158273381295
k1,medgemma-4b,RES0058,0.3356164383561644,0.3006535947712418
k1,medgemma-4b,RES0060,0.3988439306358382,0.436241610738255
k1,medgemma-4b,RES0062,0.34054054054054056,0.2722222222222222
k1,medgemma-4b,RES0065,0.4152542372881356,0.4519230769230769
k1,medgemma-4b,RES0073,0.23015873015873015,0.30434782608695654
k1,medgemma-4b,RES0111,0.46788990825688076,0.46534653465346537
k1,medgemma-4b,RES0143,0.44545454545454544,0.5098039215686274
k1,medgemma-4b,RES0155,0.3706293706293706,0.408
k1,medgemma-4b,RES0168,0.211864406779661,0.19491525423728814
k1,medgemma-4b,RES0178,0.3798449612403101,0.3467741935483871
k1,medgemma-4b,RES0193,0.35374149659863946,0.3669064748201439
k1,medgemma-4b,RES0194,0.17105263157894737,0.18181818181818182
k1,qwen3-32b,CAR0001,0.4434782608695652,0.39814814814814814
k1,qwen3-32b,CAR0002,0.40869565217391307,0.41346153846153844
k1,qwen3-32b,CAR0004,0.5057471264367817,0.449438202247191
k1,qwen3-32b,CAR0005,0.38095238095238093,0.3148148148148148
k1,qwen3-32b,DER0001,0.4,0.4108527131782946
k1,qwen3-32b,GAS0001,0.3829787234042553,0.4673913043478261
k1,qwen3-32b,GAS0002,0.422680412371134,0.4174757281553398
k1,qwen3-32b,GAS0003,0.40594059405940597,0.40425531914893614
k1,qwen3-32b,GAS0004,0.4274193548387097,0.4020618556701031
k1,qwen3-32b,GAS0005,0.41333333333333333,0.4064516129032258
k1,qwen3-32b,MSK0003,0.3652694610778443,0.4421768707482993
k1,qwen3-32b,MSK0014,0.41304347826086957,0.36363636363636365
k1,qwen3-32b,MSK0016,0.4095744680851064,0.39705882352941174
k1,qwen3-32b,MSK0019,0.46853146853146854,0.4696969696969697
k1,qwen3-32b,MSK0028,0.3409090909090909,0.42038216560509556
k1,qwen3-32b,MSK0031,0.5072463768115942,0.4573643410852713
k1,qwen3-32b,MSK0035,0.3772455089820359,0.42207792207792205
k1,qwen3-32b,MSK0037,0.296969696969697,0.3032258064516129
k1,qwen3-32b,MSK0038,0.367816091954023,0.389937106918239
k1,qwen3-32b,MSK0041,0.43646408839779005,0.4591194968553459
k1,qwen3-32b,RES0007,0.2469879518072289,0.27586206896551724
k1,qwen3-32b,RES0008,0.3333333333333333,0.28735632183908044
k1,qwen3-32b,RES0009,0.2748091603053435,0.2824427480916031
k1,qwen3-32b,RES0023,0.42990654205607476,0.43820224719101125
k1,qwen3-32b,RES0024,0.29914529914529914,0.3854166666666667
k1,qwen3-32b,RES0027,0.38926174496644295,0.4295774647887324
k1,qwen3-32b,RES0029,0.358695652173913,0.4186046511627907
k1,qwen3-32b,RES0036,0.37777777777777777,0.39568345323741005
k1,qwen3-32b,RES0058,0.3835616438356164,0.38562091503267976
k1,qwen3-32b,RES0060,0.3583815028901734,0.38926174496644295
k1,qwen3-32b,RES0062,0.33513513513513515,0.3055555555555556
k1,qwen3-32b,RES0065,0.423728813559322,0.49038461538461536
k1,qwen3-32b,RES0073,0.3968253968253968,0.40869565217391307
k1,qwen3-32b,RES0111,0.45871559633027525,0.49504950495049505
k1,qwen3-32b,RES0143,0.4090909090909091,0.4803921568627451
k1,qwen3-32b,RES0155,0.40559440559440557,0.424
k1,qwen3-32b,RES0168,0.4067796610169492,0.4067796610169492
k1,qwen3-32b,RES0178,0.4186046511627907,0.4032258064516129
k1,qwen3-32b,RES0193,0.3945578231292517,0.4028776978417266
k1,qwen3-32b,RES0194,0.3684210526315789,0.3939393939393939
k3,gpt-oss-120b,CAR0001,0.3391304347826087,0.4351851851851852
k3,gpt-oss-120b,CAR0002,0.4956521739130435,0.47115384615384615
k3,gpt-oss-120b,CAR0004,0.45977011494252873,0.43820224719101125
k3,gpt-oss-120b,CAR0005,0.34285714285714286,0.37037037037037035
k3,gpt-oss-120b,DER0001,0.4307692307692308,0.4418604651162791
k3,gpt-oss-120b,GAS0001,0.4574468085106383,0.4891304347826087
k3,gpt-oss-120b,GAS0002,0.4329896907216495,0.49514563106796117
k3,gpt-oss-120b,GAS0003,0.43564356435643564,0.4148936170212766
k3,gpt-oss-120b,GAS0004,0.3709677419354839,0.38144329896907214
k3,gpt-oss-120b,GAS0005,0.32666666666666666,0.33548387096774196
k3,gpt-oss-120b,MSK0003,0.38922155688622756,0.41496598639455784
k3,gpt-oss-120b,MSK0014,0.3967391304347826,0.45454545454545453
k3,gpt-oss-120b,MSK0016,0.35638297872340424,0.4215686274509804
k3,gpt-oss-120b,MSK0019,0.45454545454545453,0.44696969696969696
k3,gpt-oss-120b,MSK0028,0.38636363636363635,0.4012738853503185
k3,gpt-oss-120b,MSK0031,0.4927536231884058,0.4108527131782946
k3,gpt-oss-120b,MSK0035,0.3592814371257485,0.4025974025974026
k3,gpt-oss-120b,MSK0037,0.43636363636363634,0.432258064516129
k3,gpt-oss-120b,MSK0038,0.3850574712643678,0.44025157232704404
k3,gpt-oss-120b,MSK0041,0.40331491712707185,0.4968553459119497
k3,gpt-oss-120b,RES0007,0.3192771084337349,0.3724137931034483
k3,gpt-oss-120b,RES0008,0.3838383838383838,0.3333333333333333
k3,gpt-oss-120b,RES0009,0.3893129770992366,0.37404580152671757
k3,gpt-oss-120b,RES0023,0.4205607476635514,0.42696629213483145
k3,gpt-oss-120b,RES0024,0.4017094017094017,0.46875
k3,gpt-oss-120b,RES0027,0.37583892617449666,0.4225352112676056
k3,gpt-oss-120b,RES0029,0.3695652173913043,0.45348837209302323
k3,gpt-oss-120b,RES0036,0.4444444444444444,0.45323741007194246
k3,gpt-oss-120b,RES0058,0.3493150684931507,0.35947712418300654
k3,gpt-oss-120b,RES0060,0.3930635838150289,0.44966442953020136
k3,gpt-oss-120b,RES0062,0.42702702702702705,0.40555555555555556
k3,gpt-oss-120b,RES0065,0.4661016949152542,0.5288461538461539
k3,gpt-oss-120b,RES0073,0.48412698412698413,0.46956521739130436
k3,gpt-oss-120b,RES0111,0.46788990825688076,0.5247524752475248
k3,gpt-oss-120b,RES0143,0.4090909090909091,0.45098039215686275
k3,gpt-oss-120b,RES0155,0.4195804195804196,0.464
k3,gpt-oss-120b,RES0168,0.423728813559322,0.4745762711864407
k3,gpt-oss-120b,RES0178,0.43410852713178294,0.4596774193548387
k3,gpt-oss-120b,RES0193,0.46258503401360546,0.45323741007194246
k3,gpt-oss-120b,RES0194,0.39473684210526316,0.48484848484848486
k3,gpt-oss-20b,CAR0001,0.4,0.4444444444444444
k3,gpt-oss-20b,CAR0002,0.4,0.375
k3,gpt-oss-20b,CAR0004,0.4482758620689655,0.449438202247191
k3,gpt-oss-20b,CAR0005,0.3238095238095238,0.3055555555555556
k3,gpt-oss-20b,DER0001,0.4076923076923077,0.3875968992248062
k3,gpt-oss-20b,GAS0001,0.3723404255319149,0.3804347826086957
k3,gpt-oss-20b,GAS0002,0.422680412371134,0.4077669902912621
k3,gpt-oss-20b,GAS0003,0.37623762376237624,0.4148936170212766
k3,gpt-oss-20b,GAS0004,0.33064516129032256,0.3917525773195876
k3,gpt-oss-20b,GAS0005,0.34,0.3032258064516129
k3,gpt-oss-20b,MSK0003,0.32934131736526945,0.38095238095238093
k3,gpt-oss-20b,MSK0014,0.3532608695652174,0.32727272727272727
k3,gpt-oss-20b,MSK0016,0.3617021276595745,0.3382352941176471
k3,gpt-oss-20b,MSK0019,0.35664335664335667,0.36363636363636365
k3,gpt-oss-20b,MSK0028,0.3125,0.3375796178343949
k3,gpt-oss-20b,MSK0031,0.42028985507246375,0.4883720930232558
k3,gpt-oss-20b,MSK0035,0.32335329341317365,0.35064935064935066
k3,gpt-oss-20b,MSK0037,0.34545454545454546,0.4129032258064516
k3,gpt-oss-20b,MSK0038,0.2988505747126437,0.3522012578616352
k3,gpt-oss-20b,MSK0041,0.35359116022099446,0.42138364779874216
k3,gpt-oss-20b,RES0007,0.27710843373493976,0.36551724137931035
k3,gpt-oss-20b,RES0008,0.2828282828282828,0.367816091954023
k3,gpt-oss-20b,RES0009,0.3282442748091603,0.3435114503816794
k3,gpt-oss-20b,RES0023,0.37383177570093457,0.4044943820224719
k3,gpt-oss-20b,RES0024,0.3162393162393162,0.3854166666666667
k3,gpt-oss-20b,RES0027,0.3422818791946309,0.36619718309859156
k3,gpt-oss-20b,RES0029,0.45652173913043476,0.46511627906976744
k3,gpt-oss-20b,RES0036,0.37037037037037035,0.3669064748201439
k3,gpt-oss-20b,RES0058,0.363013698630137,0.33986928104575165
k3,gpt-oss-20b,RES0060,0.35260115606936415,0.3624161073825503
k3,gpt-oss-20b,RES0062,0.33513513513513515,0.36666666666666664
k3,gpt-oss-20b,RES0065,0.4152542372881356,0.5288461538461539
k3,gpt-oss-20b,RES0073,0.3492063492063492,0.3652173913043478
k3,gpt-oss-20b,RES0111,0.42201834862385323,0.48514851485148514
k3,gpt-oss-20b,RES0143,0.36363636363636365,0.4019607843137255
k3,gpt-oss-20b,RES0155,0.3986013986013986,0.424
k3,gpt-oss-20b,RES0168,0.3983050847457627,0.3559322033898305
k3,gpt-oss-20b,RES0178,0.4263565891472868,0.3951612903225806
k3,gpt-oss-20b,RES0193,0.3945578231292517,0.39568345323741005
k3,gpt-oss-20b,RES0194,0.34868421052631576,0.3939393939393939
k3,qwen3-32b,CAR0001,0.4434782608695652,0.3611111111111111
k3,qwen3-32b,CAR0002,0.33043478260869563,0.2980769230769231
k3,qwen3-32b,CAR0004,0.40229885057471265,0.47191011235955055
k3,qwen3-32b,CAR0005,0.38095238095238093,0.3425925925925926
k3,qwen3-32b,DER0001,0.4076923076923077,0.37209302325581395
k3,qwen3-32b,GAS0001,0.3829787234042553,0.4891304347826087
k3,qwen3-32b,GAS0002,0.422680412371134,0.4174757281553398
k3,qwen3-32b,GAS0003,0.39603960396039606,0.3617021276595745
k3,qwen3-32b,GAS0004,0.3387096774193548,0.3402061855670103
k3,qwen3-32b,GAS0005,0.3333333333333333,0.3548387096774194
k3,qwen3-32b,MSK0003,0.4431137724550898,0.46938775510204084
k3,qwen3-32b,MSK0014,0.358695652173913,0.37575757575757573
k3,qwen3-32b,MSK0016,0.34574468085106386,0.3627450980392157
k3,qwen3-32b,MSK0019,0.42657342657342656,0.44696969696969696
k3,qwen3-32b,MSK0028,0.3181818181818182,0.3503184713375796
k3,qwen3-32b,MSK0031,0.5,0.4418604651162791
k3,qwen3-32b,MSK0035,0.32934131736526945,0.34415584415584416
k3,qwen3-32b,MSK0037,0.37575757575757573,0.36129032258064514
k3,qwen3-32b,MSK0038,0.3850574712643678,0.389937106918239
k3,qwen3-32b,MSK0041,0.425414364640884,0.4716981132075472
k3,qwen3-32b,RES0007,0.27710843373493976,0.296551724137931
k3,qwen3-32b,RES0008,0.29292929292929293,0.28735632183908044
k3,qwen3-32b,RES0009,0.3053435114503817,0.2748091603053435
k3,qwen3-32b,RES0023,0.411214953271028,0.449438202247191
k3,qwen3-32b,RES0024,0.26495726495726496,0.34375
k3,qwen3-32b,RES0027,0.3422818791946309,0.3591549295774648
k3,qwen3-32b,RES0029,0.41304347826086957,0.4418604651162791
k3,qwen3-32b,RES0036,0.35555555555555557,0.31654676258992803
k3,qwen3-32b,RES0058,0.3904109589041096,0.3660130718954248
k3,qwen3-32b,RES0060,0.3815028901734104,0.4161073825503356
k3,qwen3-32b,RES0062,0.33513513513513515,0.3388888888888889
k3,qwen3-32b,RES0065,0.3050847457627119,0.4230769230769231
k3,qwen3-32b,RES0073,0.42063492063492064,0.41739130434782606
k3,qwen3-32b,RES0111,0.46788990825688076,0.46534653465346537
k3,qwen3-32b,RES0143,0.35454545454545455,0.47058823529411764
k3,qwen3-32b,RES0155,0.3706293706293706,0.4
k3,qwen3-32b,RES0168,0.3898305084745763,0.4491525423728814
k3,qwen3-32b,RES0178,0.5038759689922481,0.46774193548387094
k3,qwen3-32b,RES0193,0.3877551020408163,0.37410071942446044
k3,qwen3-32b,RES0194,0.375,0.3712121212121212
k5,gpt-oss-120b,CAR0001,0.34782608695652173,0.3611111111111111
k5,gpt-oss-120b,CAR0002,0.4956521739130435,0.40384615384615385
k5,gpt-oss-120b,CAR0004,0.45977011494252873,0.5056179775280899
k5,gpt-oss-120b,CAR0005,0.3238095238095238,0.4074074074074074
k5,gpt-oss-120b,DER0001,0.3923076923076923,0.4263565891472868
k5,gpt-oss-120b,GAS0001,0.425531914893617,0.5652173913043478
k5,gpt-oss-120b,GAS0002,0.3711340206185567,0.3786407766990291
k5,gpt-oss-120b,GAS0003,0.39603960396039606,0.39361702127659576
k5,gpt-oss-120b,GAS0004,0.4112903225806452,0.4639175257731959
k5,gpt-oss-120b,GAS0005,0.30666666666666664,0.32903225806451614
k5,gpt-oss-120b,MSK0003,0.38922155688622756,0.3877551020408163
k5,gpt-oss-120b,MSK0014,0.40217391304347827,0.42424242424242425
k5,gpt-oss-120b,MSK0016,0.35638297872340424,0.3872549019607843
k5,gpt-oss-120b,MSK0019,0.4825174825174825,0.5151515151515151
k5,gpt-oss-120b,MSK0028,0.4147727272727273,0.42038216560509556
k5,gpt-oss-120b,MSK0031,0.427536231884058,0.43410852713178294
k5,gpt-oss-120b,MSK0035,0.3473053892215569,0.42857142857142855
k5,gpt-oss-120b,MSK0037,0.45454545454545453,0.4129032258064516
k5,gpt-oss-120b,MSK0038,0.40804597701149425,0.49056603773584906
k5,gpt-oss-120b,MSK0041,0.4419889502762431,0.5094339622641509
k5,gpt-oss-120b,RES0007,0.3493975903614458,0.38620689655172413
k5,gpt-oss-120b,RES0008,0.41414141414141414,0.41379310344827586
k5,gpt-oss-120b,RES0009,0.31297709923664124,0.3511450381679389
k5,gpt-oss-120b,RES0023,0.4392523364485981,0.4606741573033708
k5,gpt-oss-120b,RES0024,0.37606837606837606,0.4375
k5,gpt-oss-120b,RES0027,0.348993288590604,0.3873239436619718
k5,gpt-oss-120b,RES0029,0.4673913043478261,0.5
k5,gpt-oss-120b,RES0036,0.3925925925925926,0.4460431654676259
k5,gpt-oss-120b,RES0058,0.3904109589041096,0.39869281045751637
k5,gpt-oss-120b,RES0060,0.3872832369942196,0.436241610738255
k5,gpt-oss-120b,RES0062,0.3567567567567568,0.38333333333333336
k5,gpt-oss-120b,RES0065,0.4830508474576271,0.5865384615384616
k5,gpt-oss-120b,RES0073,0.4126984126984127,0.391304347826087
k5,gpt-oss-120b,RES0111,0.44954128440366975,0.5247524752475248
k5,gpt-oss-120b,RES0143,0.4090909090909091,0.46078431372549017
k5,gpt-oss-120b,RES0155,0.43356643356643354,0.48
k5,gpt-oss-120b,RES0168,0.4406779661016949,0.5
k5,gpt-oss-120b,RES0178,0.5503875968992248,0.5
k5,gpt-oss-120b,RES0193,0.40816326530612246,0.4172661870503597
k5,gpt-oss-120b,RES0194,0.3881578947368421,0.45454545454545453
k5,gpt-oss-20b,CAR0001,0.3391304347826087,0.37962962962962965
k5,gpt-oss-20b,CAR0002,0.3391304347826087,0.34615384615384615
k5,gpt-oss-20b,CAR0004,0.47126436781609193,0.4606741573033708
k5,gpt-oss-20b,CAR0005,0.3238095238095238,0.32407407407407407
k5,gpt-oss-20b,DER0001,0.2846153846153846,0.32558139534883723
k5,gpt-oss-20b,GAS0001,0.43617021276595747,0.45652173913043476
k5,gpt-oss-20b,GAS0002,0.3711340206185567,0.4174757281553398
k5,gpt-oss-20b,GAS0003,0.36633663366336633,0.3829787234042553
k5,gpt-oss-20b,GAS0004,0.25806451612903225,0.29896907216494845
k5,gpt-oss-20b,GAS0005,0.30666666666666664,0.27741935483870966
k5,gpt-oss-20b,MSK0003,0.2874251497005988,0.36054421768707484
k5,gpt-oss-20b,MSK0014,0.3804347826086957,0.3878787878787879
k5,gpt-oss-20b,MSK0016,0.39361702127659576,0.4019607843137255
k5,gpt-oss-20b,MSK0019,0.3916083916083916,0.42424242424242425
k5,gpt-oss-20b,MSK0028,0.3352272727272727,0.43312101910828027
k5,gpt-oss-20b,MSK0031,0.45652173913043476,0.4108527131782946
k5,gpt-oss-20b,MSK0035,0.3652694610778443,0.38961038961038963
k5,gpt-oss-20b,MSK0037,0.3575757575757576,0.3935483870967742
k5,gpt-oss-20b,MSK0038,0.3390804597701149,0.4025157232704403
k5,gpt-oss-20b,MSK0041,0.39226519337016574,0.4339622641509434
k5,gpt-oss-20b,RES0007,0.24096385542168675,0.27586206896551724
k5,gpt-oss-20b,RES0008,0.31313131313131315,0.3448275862068966
k5,gpt-oss-20b,RES0009,0.3435114503816794,0.32061068702290074
k5,gpt-oss-20b,RES0023,0.40186915887850466,0.42696629213483145
k5,gpt-oss-20b,RES0024,0.3504273504273504,0.3645833333333333
k5,gpt-oss-20b,RES0027,0.35570469798657717,0.4014084507042254
k5,gpt-oss-20b,RES0029,0.4891304347826087,0.5116279069767442
k5,gpt-oss-20b,RES0036,0.3851851851851852,0.381294964028777
k5,gpt-oss-20b,RES0058,0.363013698630137,0.39215686274509803
k5,gpt-oss-20b,RES0060,0.4161849710982659,0.42953020134228187
k5,gpt-oss-20b,RES0062,0.40540540540540543,0.4388888888888889
k5,gpt-oss-20b,RES0065,0.3983050847457627,0.4326923076923077
k5,gpt-oss-20b,RES0073,0.38095238095238093,0.391304347826087
k5,gpt-oss-20b,RES0111,0.44036697247706424,0.49504950495049505
k5,gpt-oss-20b,RES0143,0.33636363636363636,0.4215686274509804
k5,gpt-oss-20b,RES0155,0.38461538461538464,0.424
k5,gpt-oss-20b,RES0168,0.3898305084745763,0.4152542372881356
k5,gpt-oss-20b,RES0178,0.3178294573643411,0.31451612903225806
k5,gpt-oss-20b,RES0193,0.36054421768707484,0.39568345323741005
k5,gpt-oss-20b,RES0194,0.3684210526315789,0.3939393939393939
k5,qwen3-32b,CAR0001,0.3739130434782609,0.3333333333333333
k5,qwen3-32b,CAR0002,0.391304347826087,0.3942307692307692
k5,qwen3-32b,CAR0004,0.41379310344827586,0.47191011235955055
k5,qwen3-32b,CAR0005,0.4095238095238095,0.3888888888888889
k5,qwen3-32b,DER0001,0.3153846153846154,0.37209302325581395
k5,qwen3-32b,GAS0001,0.32978723404255317,0.40217391304347827
k5,qwen3-32b,GAS0002,0.5154639175257731,0.4368932038834951
k5,qwen3-32b,GAS0003,0.39603960396039606,0.3829787234042553
k5,qwen3-32b,GAS0004,0.3225806451612903,0.3402061855670103
k5,qwen3-32b,GAS0005,0.37333333333333335,0.3870967741935484
k5,qwen3-32b,MSK0003,0.4251497005988024,0.4421768707482993
k5,qwen3-32b,MSK0014,0.3967391304347826,0.3939393939393939
k5,qwen3-32b,MSK0016,0.4148936170212766,0.37254901960784315
k5,qwen3-32b,MSK0019,0.46853146853146854,0.5075757575757576
k5,qwen3-32b,MSK0028,0.3465909090909091,0.3503184713375796
k5,qwen3-32b,MSK0031,0.463768115942029,0.4418604651162791
k5,qwen3-32b,MSK0035,0.3712574850299401,0.4025974025974026
k5,qwen3-32b,MSK0037,0.2606060606060606,0.27741935483870966
k5,qwen3-32b,MSK0038,0.3735632183908046,0.37735849056603776
k5,qwen3-32b,MSK0041,0.46408839779005523,0.5157232704402516
k5,qwen3-32b,RES0007,0.25903614457831325,0.25517241379310346
k5,qwen3-32b,RES0008,0.3838383838383838,0.3333333333333333
k5,qwen3-32b,RES0009,0.26717557251908397,0.2824427480916031
k5,qwen3-32b,RES0023,0.32710280373831774,0.43820224719101125
k5,qwen3-32b,RES0024,0.28205128205128205,0.34375
k5,qwen3-32b,RES0027,0.37583892617449666,0.39436619718309857
k5,qwen3-32b,RES0029,0.33695652173913043,0.3372093023255814
k5,qwen3-32b,RES0036,0.34814814814814815,0.3597122302158273
k5,qwen3-32b,RES0058,0.3698630136986301,0.37254901960784315
k5,qwen3-32b,RES0060,0.37572254335260113,0.3959731543624161
k5,qwen3-32b,RES0062,0.2972972972972973,0.31666666666666665
k5,qwen3-32b,RES0065,0.423728813559322,0.46153846153846156
k5,qwen3-32b,RES0073,0.4126984126984127,0.45217391304347826
k5,qwen3-32b,RES0111,0.43119266055045874,0.49504950495049505
k5,qwen3-32b,RES0143,0.43636363636363634,0.5
k5,qwen3-32b,RES0155,0.42657342657342656,0.44
k5,qwen3-32b,RES0168,0.3813559322033898,0.3474576271186441
k5,qwen3-32b,RES0178,0.43410852713178294,0.41935483870967744
k5,qwen3-32b,RES0193,0.4489795918367347,0.4172661870503597
k5,qwen3-32b,RES0194,0.35526315789473684,0.3787878787878788
norag,gpt-oss-120b,CAR0001,0.3739130434782609,0.42592592592592593
norag,gpt-oss-120b,CAR0002,0.41739130434782606,0.40384615384615385
norag,gpt-oss-120b,CAR0004,0.45977011494252873,0.4943820224719101
norag,gpt-oss-120b,CAR0005,0.37142857142857144,0.3425925925925926
norag,gpt-oss-120b,DER0001,0.36153846153846153,0.4186046511627907
norag,gpt-oss-120b,GAS0001,0.3829787234042553,0.4673913043478261
norag,gpt-oss-120b,GAS0002,0.422680412371134,0.44660194174757284
norag,gpt-oss-120b,GAS0003,0.4158415841584158,0.35106382978723405
norag,gpt-oss-120b,GAS0004,0.3225806451612903,0.422680412371134
norag,gpt-oss-120b,GAS0005,0.3466666666666667,0.32903225806451614
norag,gpt-oss-120b,MSK0003,0.3473053892215569,0.3673469387755102
norag,gpt-oss-120b,MSK0014,0.358695652173913,0.4
norag,gpt-oss-120b,MSK0016,0.3723404255319149,0.37745098039215685
norag,gpt-oss-120b,MSK0019,0.3706293706293706,0.38636363636363635
norag,gpt-oss-120b,MSK0028,0.3465909090909091,0.3885350318471338
norag,gpt-oss-120b,MSK0031,0.45652173913043476,0.43410852713178294
norag,gpt-oss-120b,MSK0035,0.38922155688622756,0.3961038961038961
norag,gpt-oss-120b,MSK0037,0.4909090909090909,0.4645161290322581
norag,gpt-oss-120b,MSK0038,0.41379310344827586,0.49056603773584906
norag,gpt-oss-120b,MSK0041,0.430939226519337,0.48427672955974843
norag,gpt-oss-120b,RES0007,0.3373493975903614,0.3586206896551724
norag,gpt-oss-120b,RES0008,0.3939393939393939,0.39080459770114945
norag,gpt-oss-120b,RES0009,0.3816793893129771,0.4198473282442748
norag,gpt-oss-120b,RES0023,0.4392523364485981,0.4943820224719101
norag,gpt-oss-120b,RES0024,0.39316239316239315,0.4270833333333333
norag,gpt-oss-120b,RES0027,0.3691275167785235,0.4084507042253521
norag,gpt-oss-120b,RES0029,0.42391304347826086,0.5348837209302325
norag,gpt-oss-120b,RES0036,0.37037037037037035,0.38848920863309355
norag,gpt-oss-120b,RES0058,0.3904109589041096,0.39869281045751637
norag,gpt-oss-120b,RES0060,0.41040462427745666,0.4563758389261745
norag,gpt-oss-120b,RES0062,0.32432432432432434,0.3388888888888889
norag,gpt-oss-120b,RES0065,0.3898305084745763,0.4230769230769231
norag,gpt-oss-120b,RES0073,0.46825396825396826,0.4782608695652174
norag,gpt-oss-120b,RES0111,0.44036697247706424,0.5643564356435643
norag,gpt-oss-120b,RES0143,0.4,0.37254901960784315
norag,gpt-oss-120b,RES0155,0.4405594405594406,0.448
norag,gpt-oss-120b,RES0168,0.5,0.4830508474576271
norag,gpt-oss-120b,RES0178,0.49612403100775193,0.4838709677419355
norag,gpt-oss-120b,RES0193,0.3945578231292517,0.4172661870503597
norag,gpt-oss-120b,RES0194,0.40131578947368424,0.4318181818181818
norag,gpt-oss-20b,CAR0001,0.4260869565217391,0.4074074074074074
norag,gpt-oss-20b,CAR0002,0.3739130434782609,0.38461538461538464
norag,gpt-oss-20b,CAR0004,0.42528735632183906,0.449438202247191
norag,gpt-oss-20b,CAR0005,0.3523809523809524,0.3425925925925926
norag,gpt-oss-20b,DER0001,0.3384615384615385,0.40310077519379844
norag,gpt-oss-20b,GAS0001,0.4574468085106383,0.5108695652173914
norag,gpt-oss-20b,GAS0002,0.30927835051546393,0.34951456310679613
norag,gpt-oss-20b,GAS0003,0.297029702970297,0.2978723404255319
norag,gpt-oss-20b,GAS0004,0.2661290322580645,0.30927835051546393
norag,gpt-oss-20b,GAS0005,0.32,0.2903225806451613
norag,gpt-oss-20b,MSK0003,0.3473053892215569,0.3401360544217687
norag,gpt-oss-20b,MSK0014,0.3641304347826087,0.3939393939393939
norag,gpt-oss-20b,MSK0016,0.39361702127659576,0.4117647058823529
norag,gpt-oss-20b,MSK0019,0.3706293706293706,0.3939393939393939
norag,gpt-oss-20b,MSK0028,0.3693181818181818,0.3885350318471338
norag,gpt-oss-20b,MSK0031,0.39855072463768115,0.4108527131782946
norag,gpt-oss-20b,MSK0035,0.31736526946107785,0.34415584415584416
norag,gpt-oss-20b,MSK0037,0.3939393939393939,0.45161290322580644
norag,gpt-oss-20b,MSK0038,0.3103448275862069,0.39622641509433965
norag,gpt-oss-20b,MSK0041,0.3867403314917127,0.4339622641509434
norag,gpt-oss-20b,RES0007,0.29518072289156627,0.31724137931034485
norag,gpt-oss-20b,RES0008,0.3333333333333333,0.3448275862068966
norag,gpt-oss-20b,RES0009,0.3511450381679389,0.33587786259541985
norag,gpt-oss-20b,RES0023,0.37383177570093457,0.43820224719101125
norag,gpt-oss-20b,RES0024,0.2905982905982906,0.3645833333333333
norag,gpt-oss-20b,RES0027,0.37583892617449666,0.352112676056338
norag,gpt-oss-20b,RES0029,0.42391304347826086,0.4186046511627907
norag,gpt-oss-20b,RES0036,0.4148148148148148,0.4316546762589928
norag,gpt-oss-20b,RES0058,0.3287671232876712,0.3464052287581699
norag,gpt-oss-20b,RES0060,0.3468208092485549,0.3691275167785235
norag,gpt-oss-20b,RES0062,0.33513513513513515,0.3611111111111111
norag,gpt-oss-20b,RES0065,0.3813559322033898,0.5096153846153846
norag,gpt-oss-20b,RES0073,0.36507936507936506,0.43478260869565216
norag,gpt-oss-20b,RES0111,0.44036697247706424,0.5148514851485149
norag,gpt-oss-20b,RES0143,0.3090909090909091,0.3333333333333333
norag,gpt-oss-20b,RES0155,0.40559440559440557,0.416
norag,gpt-oss-20b,RES0168,0.4491525423728814,0.4830508474576271
norag,gpt-oss-20b,RES0178,0.31007751937984496,0.3064516129032258
norag,gpt-oss-20b,RES0193,0.3741496598639456,0.41007194244604317
norag,gpt-oss-20b,RES0194,0.3815789473684211,0.4090909090909091
norag,medgemma-4b,CAR0001,0.40869565217391307,0.42592592592592593
norag,medgemma-4b,CAR0002,0.4,0.47115384615384615
norag,medgemma-4b,CAR0004,0.3218390804597701,0.2808988764044944
norag,medgemma-4b,CAR0005,0.3904761904761905,0.32407407407407407
norag,medgemma-4b,DER0001,0.27692307692307694,0.29457364341085274
norag,medgemma-4b,GAS0001,0.19148936170212766,0.2391304347826087
norag,medgemma-4b,GAS0002,0.4020618556701031,0.32038834951456313
norag,medgemma-4b,GAS0003,0.36633663366336633,0.2978723404255319
norag,medgemma-4b,GAS0004,0.20967741935483872,0.17525773195876287
norag,medgemma-4b,GAS0005,0.44666666666666666,0.3741935483870968
norag,medgemma-4b,MSK0003,0.23952095808383234,0.2108843537414966
norag,medgemma-4b,MSK0014,0.3858695652173913,0.30303030303030304
norag,medgemma-4b,MSK0016,0.28191489361702127,0.24509803921568626
norag,medgemma-4b,MSK0019,0.46853146853146854,0.4696969696969697
norag,medgemma-4b,MSK0028,0.23295454545454544,0.2356687898089172
norag,medgemma-4b,MSK0031,0.2753623188405797,0.2868217054263566
norag,medgemma-4b,MSK0035,0.38323353293413176,0.3961038961038961
norag,medgemma-4b,MSK0038,0.20689655172413793,0.2641509433962264
norag,medgemma-4b,MSK0041,0.27071823204419887,0.27672955974842767
norag,medgemma-4b,RES0007,0.25903614457831325,0.2620689655172414
norag,medgemma-4b,RES0008,0.25252525252525254,0.26436781609195403
norag,medgemma-4b,RES0009,0.2748091603053435,0.22137404580152673
norag,medgemma-4b,RES0023,0.1308411214953271,0.1797752808988764
norag,medgemma-4b,RES0024,0.2905982905982906,0.2708333333333333
norag,medgemma-4b,RES0027,0.2214765100671141,0.2605633802816901
norag,medgemma-4b,RES0029,0.2717391304347826,0.29069767441860467
norag,medgemma-4b,RES0036,0.17777777777777778,0.1510791366906475
norag,medgemma-4b,RES0058,0.2465753424657534,0.27450980392156865
norag,medgemma-4b,RES0060,0.3179190751445087,0.2953020134228188
norag,medgemma-4b,RES0062,0.33513513513513515,0.32222222222222224
norag,medgemma-4b,RES0065,0.5,0.49038461538461536
norag,medgemma-4b,RES0073,0.11904761904761904,0.1565217391304348
norag,medgemma-4b,RES0111,0.5045871559633027,0.5148514851485149
norag,medgemma-4b,RES0143,0.42727272727272725,0.4117647058823529
norag,medgemma-4b,RES0155,0.32167832167832167,0.368
norag,medgemma-4b,RES0168,0.07627118644067797,0.1016949152542373
norag,medgemma-4b,RES0178,0.32558139534883723,0.3064516129032258
norag,medgemma-4b,RES0193,0.3333333333333333,0.3669064748201439
norag,medgemma-4b,RES0194,0.17105263157894737,0.1590909090909091
norag,qwen3-32b,CAR0001,0.45217391304347826,0.4351851851851852
norag,qwen3-32b,CAR0002,0.2782608695652174,0.3269230769230769
norag,qwen3-32b,CAR0004,0.4482758620689655,0.48314606741573035
norag,qwen3-32b,CAR0005,0.3619047619047619,0.32407407407407407
norag,qwen3-32b,DER0001,0.3384615384615385,0.4263565891472868
norag,qwen3-32b,GAS0001,0.40425531914893614,0.44565217391304346
norag,qwen3-32b,GAS0002,0.4639175257731959,0.4174757281553398
norag,qwen3-32b,GAS0003,0.3564356435643564,0.35106382978723405
norag,qwen3-32b,GAS0004,0.3548387096774194,0.4020618556701031
norag,qwen3-32b,GAS0005,0.3466666666666667,0.36774193548387096
norag,qwen3-32b,MSK0003,0.40718562874251496,0.3741496598639456
norag,qwen3-32b,MSK0014,0.34782608695652173,0.42424242424242425
norag,qwen3-32b,MSK0016,0.28191489361702127,0.3137254901960784
norag,qwen3-32b,MSK0019,0.46153846153846156,0.4393939393939394
norag,qwen3-32b,MSK0028,0.3465909090909091,0.36942675159235666
norag,qwen3-32b,MSK0031,0.43478260869565216,0.43410852713178294
norag,qwen3-32b,MSK0035,0.4491017964071856,0.4090909090909091
norag,qwen3-32b,MSK0037,0.2787878787878788,0.2645161290322581
norag,qwen3-32b,MSK0038,0.40804597701149425,0.3522012578616352
norag,qwen3-32b,MSK0041,0.5027624309392266,0.4591194968553459
norag,qwen3-32b,RES0007,0.24096385542168675,0.27586206896551724
norag,qwen3-32b,RES0008,0.30303030303030304,0.3103448275862069
norag,qwen3-32b,RES0009,0.2748091603053435,0.2748091603053435
norag,qwen3-32b,RES0023,0.4392523364485981,0.47191011235955055
norag,qwen3-32b,RES0024,0.3418803418803419,0.3854166666666667
norag,qwen3-32b,RES0027,0.4161073825503356,0.4507042253521127
norag,qwen3-32b,RES0029,0.358695652173913,0.46511627906976744
norag,qwen3-32b,RES0036,0.3925925925925926,0.3669064748201439
norag,qwen3-32b,RES0058,0.3493150684931507,0.32679738562091504
norag,qwen3-32b,RES0060,0.3930635838150289,0.436241610738255
norag,qwen3-32b,RES0062,0.31891891891891894,0.3277777777777778
norag,qwen3-32b,RES0065,0.3305084745762712,0.4423076923076923
norag,qwen3-32b,RES0073,0.42857142857142855,0.4434782608695652
norag,qwen3-32b,RES0111,0.41284403669724773,0.4752475247524752
norag,qwen3-32b,RES0143,0.37272727272727274,0.43137254901960786
norag,qwen3-32b,RES0155,0.35664335664335667,0.44
norag,qwen3-32b,RES0168,0.423728813559322,0.4406779661016949
norag,qwen3-32b,RES0178,0.4263565891472868,0.45161290322580644
norag,qwen3-32b,RES0193,0.3945578231292517,0.4172661870503597
norag,qwen3-32b,RES0194,0.4144736842105263,0.44696969696969696
prompt_hallucination_guarded,gpt-oss-120b,CAR0001,0.4,0.4351851851851852
prompt_hallucination_guarded,gpt-oss-120b,CAR0002,0.4434782608695652,0.4326923076923077
prompt_hallucination_guarded,gpt-oss-120b,CAR0004,0.41379310344827586,0.449438202247191
prompt_hallucination_guarded,gpt-oss-120b,CAR0005,0.38095238095238093,0.42592592592592593
prompt_hallucination_guarded,gpt-oss-120b,DER0001,0.3153846153846154,0.3875968992248062
prompt_hallucination_guarded,gpt-oss-120b,GAS0001,0.4787234042553192,0.4673913043478261
prompt_hallucination_guarded,gpt-oss-120b,GAS0002,0.44329896907216493,0.4563106796116505
prompt_hallucination_guarded,gpt-oss-120b,GAS0003,0.40594059405940597,0.32978723404255317
prompt_hallucination_guarded,gpt-oss-120b,GAS0004,0.3467741935483871,0.3711340206185567
prompt_hallucination_guarded,gpt-oss-120b,GAS0005,0.36,0.32903225806451614
prompt_hallucination_guarded,gpt-oss-120b,MSK0003,0.3712574850299401,0.3877551020408163
prompt_hallucination_guarded,gpt-oss-120b,MSK0014,0.3804347826086957,0.46060606060606063
prompt_hallucination_guarded,gpt-oss-120b,MSK0016,0.40425531914893614,0.4068627450980392
prompt_hallucination_guarded,gpt-oss-120b,MSK0019,0.34265734265734266,0.3333333333333333
prompt_hallucination_guarded,gpt-oss-120b,MSK0028,0.3806818181818182,0.3821656050955414
prompt_hallucination_guarded,gpt-oss-120b,MSK0031,0.427536231884058,0.4418604651162791
prompt_hallucination_guarded,gpt-oss-120b,MSK0035,0.2934131736526946,0.3181818181818182
prompt_hallucination_guarded,gpt-oss-120b,MSK0037,0.37575757575757573,0.33548387096774196
prompt_hallucination_guarded,gpt-oss-120b,MSK0038,0.41954022988505746,0.4716981132075472
prompt_hallucination_guarded,gpt-oss-120b,MSK0041,0.4143646408839779,0.4779874213836478
prompt_hallucination_guarded,gpt-oss-120b,RES0007,0.27710843373493976,0.296551724137931
prompt_hallucination_guarded,gpt-oss-120b,RES0008,0.3838383838383838,0.3448275862068966
prompt_hallucination_guarded,gpt-oss-120b,RES0009,0.3435114503816794,0.31297709923664124
prompt_hallucination_guarded,gpt-oss-120b,RES0023,0.4205607476635514,0.449438202247191
prompt_hallucination_guarded,gpt-oss-120b,RES0024,0.46153846153846156,0.4166666666666667
prompt_hallucination_guarded,gpt-oss-120b,RES0027,0.38926174496644295,0.4154929577464789
prompt_hallucination_guarded,gpt-oss-120b,RES0029,0.44565217391304346,0.5
prompt_hallucination_guarded,gpt-oss-120b,RES0036,0.35555555555555557,0.35251798561151076
prompt_hallucination_guarded,gpt-oss-120b,RES0058,0.4041095890410959,0.42483660130718953
prompt_hallucination_guarded,gpt-oss-120b,RES0060,0.43352601156069365,0.40939597315436244
prompt_hallucination_guarded,gpt-oss-120b,RES0062,0.34594594594594597,0.36666666666666664
prompt_hallucination_guarded,gpt-oss-120b,RES0065,0.4576271186440678,0.5192307692307693
prompt_hallucination_guarded,gpt-oss-120b,RES0073,0.48412698412698413,0.45217391304347826
prompt_hallucination_guarded,gpt-oss-120b,RES0111,0.45871559633027525,0.5445544554455446
prompt_hallucination_guarded,gpt-oss-120b,RES0143,0.43636363636363634,0.47058823529411764
prompt_hallucination_guarded,gpt-oss-120b,RES0155,0.38461538461538464,0.44
prompt_hallucination_guarded,gpt-oss-120b,RES0168,0.4661016949152542,0.5
prompt_hallucination_guarded,gpt-oss-120b,RES0178,0.3953488372093023,0.43548387096774194
prompt_hallucination_guarded,gpt-oss-120b,RES0193,0.36054421768707484,0.41007194244604317
prompt_hallucination_guarded,gpt-oss-120b,RES0194,0.3618421052631579,0.4166666666666667
prompt_hallucination_guarded,gpt-oss-20b,CAR0001,0.3739130434782609,0.42592592592592593
prompt_hallucination_guarded,gpt-oss-20b,CAR0002,0.3739130434782609,0.375
prompt_hallucination_guarded,gpt-oss-20b,CAR0004,0.4482758620689655,0.449438202247191
prompt_hallucination_guarded,gpt-oss-20b,CAR0005,0.29523809523809524,0.26851851851851855
prompt_hallucination_guarded,gpt-oss-20b,DER0001,0.33076923076923076,0.3875968992248062
prompt_hallucination_guarded,gpt-oss-20b,GAS0001,0.43617021276595747,0.42391304347826086
prompt_hallucination_guarded,gpt-oss-20b,GAS0002,0.3402061855670103,0.32038834951456313
prompt_hallucination_guarded,gpt-oss-20b,GAS0003,0.26732673267326734,0.30851063829787234
prompt_hallucination_guarded,gpt-oss-20b,GAS0004,0.33064516129032256,0.36082474226804123
prompt_hallucination_guarded,gpt-oss-20b,GAS0005,0.24,0.2709677419354839
prompt_hallucination_guarded,gpt-oss-20b,MSK0003,0.3652694610778443,0.3673469387755102
prompt_hallucination_guarded,gpt-oss-20b,MSK0014,0.375,0.34545454545454546
prompt_hallucination_guarded,gpt-oss-20b,MSK0016,0.3723404255319149,0.3382352941176471
prompt_hallucination_guarded,gpt-oss-20b,MSK0019,0.2867132867132867,0.3333333333333333
prompt_hallucination_guarded,gpt-oss-20b,MSK0028,0.2897727272727273,0.3503184713375796
prompt_hallucination_guarded,gpt-oss-20b,MSK0031,0.427536231884058,0.3643410852713178
prompt_hallucination_guarded,gpt-oss-20b,MSK0035,0.2934131736526946,0.2922077922077922
prompt_hallucination_guarded,gpt-oss-20b,MSK0037,0.41818181818181815,0.4064516129032258
prompt_hallucination_guarded,gpt-oss-20b,MSK0038,0.3735632183908046,0.42138364779874216
prompt_hallucination_guarded,gpt-oss-20b,MSK0041,0.44751381215469616,0.4528301886792453
prompt_hallucination_guarded,gpt-oss-20b,RES0007,0.3373493975903614,0.36551724137931035
prompt_hallucination_guarded,gpt-oss-20b,RES0008,0.3434343434343434,0.39080459770114945
prompt_hallucination_guarded,gpt-oss-20b,RES0009,0.31297709923664124,0.32061068702290074
prompt_hallucination_guarded,gpt-oss-20b,RES0023,0.3177570093457944,0.34831460674157305
prompt_hallucination_guarded,gpt-oss-20b,RES0024,0.28205128205128205,0.34375
prompt_hallucination_guarded,gpt-oss-20b,RES0027,0.2953020134228188,0.3732394366197183
prompt_hallucination_guarded,gpt-oss-20b,RES0029,0.44565217391304346,0.45348837209302323
prompt_hallucination_guarded,gpt-oss-20b,RES0036,0.2814814814814815,0.31654676258992803
prompt_hallucination_guarded,gpt-oss-20b,RES0058,0.273972602739726,0.29411764705882354
prompt_hallucination_guarded,gpt-oss-20b,RES0060,0.3179190751445087,0.3825503355704698
prompt_hallucination_guarded,gpt-oss-20b,RES0062,0.32432432432432434,0.34444444444444444
prompt_hallucination_guarded,gpt-oss-20b,RES0065,0.3898305084745763,0.4230769230769231
prompt_hallucination_guarded,gpt-oss-20b,RES0073,0.42857142857142855,0.4260869565217391
prompt_hallucination_guarded,gpt-oss-20b,RES0111,0.44036697247706424,0.42574257425742573
prompt_hallucination_guarded,gpt-oss-20b,RES0143,0.35454545454545455,0.37254901960784315
prompt_hallucination_guarded,gpt-oss-20b,RES0155,0.3916083916083916,0.416
prompt_hallucination_guarded,gpt-oss-20b,RES0168,0.4576271186440678,0.4067796610169492
prompt_hallucination_guarded,gpt-oss-20b,RES0178,0.32558139534883723,0.29838709677419356
prompt_hallucination_guarded,gpt-oss-20b,RES0193,0.29931972789115646,0.35251798561151076
prompt_hallucination_guarded,gpt-oss-20b,RES0194,0.35526315789473684,0.3939393939393939
prompt_minimal,gpt-oss-120b,CAR0001,0.40869565217391307,0.49074074074074076
prompt_minimal,gpt-oss-120b,CAR0002,0.3826086956521739,0.3942307692307692
prompt_minimal,gpt-oss-120b,CAR0004,0.3793103448275862,0.47191011235955055
prompt_minimal,gpt-oss-120b,CAR0005,0.3142857142857143,0.3888888888888889
prompt_minimal,gpt-oss-120b,DER0001,0.38461538461538464,0.4728682170542636
prompt_minimal,gpt-oss-120b,GAS0001,0.3723404255319149,0.4673913043478261
prompt_minimal,gpt-oss-120b,GAS0002,0.3917525773195876,0.4368932038834951
prompt_minimal,gpt-oss-120b,GAS0003,0.39603960396039606,0.32978723404255317
prompt_minimal,gpt-oss-120b,GAS0004,0.3387096774193548,0.3711340206185567
prompt_minimal,gpt-oss-120b,GAS0005,0.36666666666666664,0.3419354838709677
prompt_minimal,gpt-oss-120b,MSK0003,0.3652694610778443,0.42857142857142855
prompt_minimal,gpt-oss-120b,MSK0014,0.375,0.44242424242424244
prompt_minimal,gpt-oss-120b,MSK0016,0.31382978723404253,0.4068627450980392
prompt_minimal,gpt-oss-120b,MSK0019,0.3006993006993007,0.45454545454545453
prompt_minimal,gpt-oss-120b,MSK0028,0.26704545454545453,0.36942675159235666
prompt_minimal,gpt-oss-120b,MSK0031,0.427536231884058,0.4496124031007752
prompt_minimal,gpt-oss-120b,MSK0035,0.2934131736526946,0.38961038961038963
prompt_minimal,gpt-oss-120b,MSK0037,0.38181818181818183,0.4258064516129032
prompt_minimal,gpt-oss-120b,MSK0038,0.3333333333333333,0.4779874213836478
prompt_minimal,gpt-oss-120b,MSK0041,0.3867403314917127,0.44654088050314467
prompt_minimal,gpt-oss-120b,RES0007,0.2891566265060241,0.38620689655172413
prompt_minimal,gpt-oss-120b,RES0008,0.42424242424242425,0.4367816091954023
prompt_minimal,gpt-oss-120b,RES0009,0.3053435114503817,0.3969465648854962
prompt_minimal,gpt-oss-120b,RES0023,0.32710280373831774,0.48314606741573035
prompt_minimal,gpt-oss-120b,RES0024,0.3504273504273504,0.4375
prompt_minimal,gpt-oss-120b,RES0027,0.348993288590604,0.4295774647887324
prompt_minimal,gpt-oss-120b,RES0029,0.30434782608695654,0.4418604651162791
prompt_minimal,gpt-oss-120b,RES0036,0.34814814814814815,0.4748201438848921
prompt_minimal,gpt-oss-120b,RES0058,0.3698630136986301,0.4117647058823529
prompt_minimal,gpt-oss-120b,RES0060,0.4046242774566474,0.436241610738255
prompt_minimal,gpt-oss-120b,RES0062,0.34054054054054056,0.42777777777777776
prompt_minimal,gpt-oss-120b,RES0065,0.4406779661016949,0.5480769230769231
prompt_minimal,gpt-oss-120b,RES0073,0.42063492063492064,0.5130434782608696
prompt_minimal,gpt-oss-120b,RES0111,0.42201834862385323,0.44554455445544555
prompt_minimal,gpt-oss-120b,RES0143,0.36363636363636365,0.4411764705882353
prompt_minimal,gpt-oss-120b,RES0155,0.3776223776223776,0.488
prompt_minimal,gpt-oss-120b,RES0168,0.4067796610169492,0.4152542372881356
prompt_minimal,gpt-oss-120b,RES0178,0.4108527131782946,0.3870967741935484
prompt_minimal,gpt-oss-120b,RES0193,0.35374149659863946,0.4172661870503597
prompt_minimal,gpt-oss-120b,RES0194,0.39473684210526316,0.42424242424242425
prompt_minimal,gpt-oss-20b,CAR0001,0.391304347826087,0.37037037037037035
prompt_minimal,gpt-oss-20b,CAR0002,0.391304347826087,0.375
prompt_minimal,gpt-oss-20b,CAR0004,0.40229885057471265,0.449438202247191
prompt_minimal,gpt-oss-20b,CAR0005,0.3238095238095238,0.3148148148148148
prompt_minimal,gpt-oss-20b,DER0001,0.36153846153846153,0.4186046511627907
prompt_minimal,gpt-oss-20b,GAS0001,0.40425531914893614,0.4673913043478261
prompt_minimal,gpt-oss-20b,GAS0002,0.3711340206185567,0.3592233009708738
prompt_minimal,gpt-oss-20b,GAS0003,0.33663366336633666,0.35106382978723405
prompt_minimal,gpt-oss-20b,GAS0004,0.25806451612903225,0.35051546391752575
prompt_minimal,gpt-oss-20b,GAS0005,0.2,0.2838709677419355
prompt_minimal,gpt-oss-20b,MSK0003,0.3532934131736527,0.3741496598639456
prompt_minimal,gpt-oss-20b,MSK0014,0.3641304347826087,0.3878787878787879
prompt_minimal,gpt-oss-20b,MSK0016,0.3670212765957447,0.4362745098039216
prompt_minimal,gpt-oss-20b,MSK0019,0.32867132867132864,0.3939393939393939
prompt_minimal,gpt-oss-20b,MSK0028,0.3409090909090909,0.39490445859872614
prompt_minimal,gpt-oss-20b,MSK0031,0.38405797101449274,0.43410852713178294
prompt_minimal,gpt-oss-20b,MSK0035,0.2754491017964072,0.3116883116883117
prompt_minimal,gpt-oss-20b,MSK0037,0.3393939393939394,0.33548387096774196
prompt_minimal,gpt-oss-20b,MSK0038,0.27586206896551724,0.42138364779874216
prompt_minimal,gpt-oss-20b,MSK0041,0.43646408839779005,0.46540880503144655
prompt_minimal,gpt-oss-20b,RES0007,0.29518072289156627,0.3724137931034483
prompt_minimal,gpt-oss-20b,RES0008,0.3434343434343434,0.3333333333333333
prompt_minimal,gpt-oss-20b,RES0009,0.32061068702290074,0.31297709923664124
prompt_minimal,gpt-oss-20b,RES0023,0.37383177570093457,0.449438202247191
prompt_minimal,gpt-oss-20b,RES0024,0.3247863247863248,0.34375
prompt_minimal,gpt-oss-20b,RES0027,0.348993288590604,0.4014084507042254
prompt_minimal,gpt-oss-20b,RES0029,0.34782608695652173,0.46511627906976744
prompt_minimal,gpt-oss-20b,RES0036,0.37037037037037035,0.43884892086330934
prompt_minimal,gpt-oss-20b,RES0058,0.3082191780821918,0.40522875816993464
prompt_minimal,gpt-oss-20b,RES0060,0.36416184971098264,0.3221476510067114
prompt_minimal,gpt-oss-20b,RES0062,0.3081081081081081,0.37222222222222223
prompt_minimal,gpt-oss-20b,RES0065,0.423728813559322,0.49038461538461536
prompt_minimal,gpt-oss-20b,RES0073,0.3492063492063492,0.4260869565217391
prompt_minimal,gpt-oss-20b,RES0111,0.3853211009174312,0.44554455445544555
prompt_minimal,gpt-oss-20b,RES0143,0.32727272727272727,0.4411764705882353
prompt_minimal,gpt-oss-20b,RES0155,0.3916083916083916,0.552
prompt_minimal,gpt-oss-20b,RES0168,0.3983050847457627,0.3728813559322034
prompt_minimal,gpt-oss-20b,RES0178,0.26356589147286824,0.28225806451612906
prompt_minimal,gpt-oss-20b,RES0193,0.38095238095238093,0.4172661870503597
prompt_minimal,gpt-oss-20b,RES0194,0.19078947368421054,0.2803030303030303
temp_0.1,gpt-oss-120b,CAR0001,0.3565217391304348,0.3888888888888889
temp_0.1,gpt-oss-120b,CAR0002,0.4608695652173913,0.3942307692307692
temp_0.1,gpt-oss-120b,CAR0004,0.42528735632183906,0.4157303370786517
temp_0.1,gpt-oss-120b,CAR0005,0.3333333333333333,0.32407407407407407
temp_0.1,gpt-oss-120b,DER0001,0.4076923076923077,0.4263565891472868
temp_0.1,gpt-oss-120b,GAS0001,0.39361702127659576,0.43478260869565216
temp_0.1,gpt-oss-120b,GAS0002,0.38144329896907214,0.3883495145631068
temp_0.1,gpt-oss-120b,GAS0003,0.43564356435643564,0.40425531914893614
temp_0.1,gpt-oss-120b,GAS0004,0.3548387096774194,0.3917525773195876
temp_0.1,gpt-oss-120b,GAS0005,0.3466666666666667,0.3096774193548387
temp_0.1,gpt-oss-120b,MSK0003,0.437125748502994,0.42857142857142855
temp_0.1,gpt-oss-120b,MSK0014,0.3967391304347826,0.44242424242424244
temp_0.1,gpt-oss-120b,MSK0016,0.3829787234042553,0.4411764705882353
temp_0.1,gpt-oss-120b,MSK0019,0.4125874125874126,0.3939393939393939
temp_0.1,gpt-oss-120b,MSK0028,0.4090909090909091,0.40764331210191085
temp_0.1,gpt-oss-120b,MSK0031,0.4420289855072464,0.4263565891472868
temp_0.1,gpt-oss-120b,MSK0035,0.3413173652694611,0.37662337662337664
temp_0.1,gpt-oss-120b,MSK0037,0.4,0.3935483870967742
temp_0.1,gpt-oss-120b,MSK0038,0.3793103448275862,0.4716981132075472
temp_0.1,gpt-oss-120b,MSK0041,0.4419889502762431,0.49056603773584906
temp_0.1,gpt-oss-120b,RES0007,0.3373493975903614,0.3724137931034483
temp_0.1,gpt-oss-120b,RES0008,0.3939393939393939,0.367816091954023
temp_0.1,gpt-oss-120b,RES0009,0.3282442748091603,0.3816793893129771
temp_0.1,gpt-oss-120b,RES0023,0.42990654205607476,0.5056179775280899
temp_0.1,gpt-oss-120b,RES0024,0.38461538461538464,0.4375
temp_0.1,gpt-oss-120b,RES0027,0.3825503355704698,0.4225352112676056
temp_0.1,gpt-oss-120b,RES0029,0.42391304347826086,0.46511627906976744
temp_0.1,gpt-oss-120b,RES0036,0.3925925925925926,0.4316546762589928
temp_0.1,gpt-oss-120b,RES0058,0.3904109589041096,0.41830065359477125
temp_0.1,gpt-oss-120b,RES0060,0.3988439306358382,0.4228187919463087
temp_0.1,gpt-oss-120b,RES0062,0.35135135135135137,0.4166666666666667
temp_0.1,gpt-oss-120b,RES0065,0.4491525423728814,0.5576923076923077
temp_0.1,gpt-oss-120b,RES0073,0.4603174603174603,0.45217391304347826
temp_0.1,gpt-oss-120b,RES0111,0.44954128440366975,0.5445544554455446
temp_0.1,gpt-oss-120b,RES0143,0.37272727272727274,0.46078431372549017
temp_0.1,gpt-oss-120b,RES0155,0.46853146853146854,0.48
temp_0.1,gpt-oss-120b,RES0168,0.4830508474576271,0.5169491525423728
temp_0.1,gpt-oss-120b,RES0178,0.4728682170542636,0.45161290322580644
temp_0.1,gpt-oss-120b,RES0193,0.4217687074829932,0.4172661870503597
temp_0.1,gpt-oss-120b,RES0194,0.3157894736842105,0.4621212121212121
temp_0.1,gpt-oss-20b,CAR0001,0.34782608695652173,0.37037037037037035
temp_0.1,gpt-oss-20b,CAR0002,0.4260869565217391,0.4326923076923077
temp_0.1,gpt-oss-20b,CAR0004,0.4482758620689655,0.449438202247191
temp_0.1,gpt-oss-20b,CAR0005,0.2857142857142857,0.3333333333333333
temp_0.1,gpt-oss-20b,DER0001,0.35384615384615387,0.3953488372093023
temp_0.1,gpt-oss-20b,GAS0001,0.39361702127659576,0.3804347826086957
temp_0.1,gpt-oss-20b,GAS0002,0.3711340206185567,0.3786407766990291
temp_0.1,gpt-oss-20b,GAS0003,0.38613861386138615,0.4148936170212766
temp_0.1,gpt-oss-20b,GAS0004,0.29838709677419356,0.28865979381443296
temp_0.1,gpt-oss-20b,GAS0005,0.2866666666666667,0.23870967741935484
temp_0.1,gpt-oss-20b,MSK0003,0.3712574850299401,0.4217687074829932
temp_0.1,gpt-oss-20b,MSK0014,0.3858695652173913,0.36363636363636365
temp_0.1,gpt-oss-20b,MSK0016,0.3723404255319149,0.37745098039215685
temp_0.1,gpt-oss-20b,MSK0019,0.43356643356643354,0.49242424242424243
temp_0.1,gpt-oss-20b,MSK0028,0.3409090909090909,0.37579617834394907
temp_0.1,gpt-oss-20b,MSK0031,0.4057971014492754,0.3875968992248062
temp_0.1,gpt-oss-20b,MSK0035,0.281437125748503,0.3181818181818182
temp_0.1,gpt-oss-20b,MSK0037,0.4121212121212121,0.41935483870967744
temp_0.1,gpt-oss-20b,MSK0038,0.3448275862068966,0.44025157232704404
temp_0.1,gpt-oss-20b,MSK0041,0.3370165745856354,0.4088050314465409
temp_0.1,gpt-oss-20b,RES0007,0.28313253012048195,0.27586206896551724
temp_0.1,gpt-oss-20b,RES0008,0.2828282828282828,0.26436781609195403
temp_0.1,gpt-oss-20b,RES0009,0.3435114503816794,0.32061068702290074
temp_0.1,gpt-oss-20b,RES0023,0.411214953271028,0.43820224719101125
temp_0.1,gpt-oss-20b,RES0024,0.3247863247863248,0.3229166666666667
temp_0.1,gpt-oss-20b,RES0027,0.3825503355704698,0.38028169014084506
temp_0.1,gpt-oss-20b,RES0029,0.391304347826087,0.4883720930232558
temp_0.1,gpt-oss-20b,RES0036,0.35555555555555557,0.35251798561151076
temp_0.1,gpt-oss-20b,RES0058,0.3356164383561644,0.32679738562091504
temp_0.1,gpt-oss-20b,RES0060,0.37572254335260113,0.3624161073825503
temp_0.1,gpt-oss-20b,RES0062,0.31351351351351353,0.32222222222222224
temp_0.1,gpt-oss-20b,RES0065,0.4067796610169492,0.47115384615384615
temp_0.1,gpt-oss-20b,RES0073,0.42063492063492064,0.4434782608695652
temp_0.1,gpt-oss-20b,RES0111,0.3944954128440367,0.504950495049505
temp_0.1,gpt-oss-20b,RES0143,0.2909090909090909,0.38235294117647056
temp_0.1,gpt-oss-20b,RES0155,0.3916083916083916,0.472
temp_0.1,gpt-oss-20b,RES0168,0.3983050847457627,0.3983050847457627
temp_0.1,gpt-oss-20b,RES0178,0.37209302325581395,0.3548387096774194
temp_0.1,gpt-oss-20b,RES0193,0.40816326530612246,0.4316546762589928
temp_0.1,gpt-oss-20b,RES0194,0.3684210526315789,0.3712121212121212
temp_0.5,gpt-oss-120b,CAR0001,0.3739130434782609,0.4537037037037037
temp_0.5,gpt-oss-120b,CAR0002,0.5043478260869565,0.41346153846153844
temp_0.5,gpt-oss-120b,CAR0004,0.5402298850574713,0.5168539325842697
temp_0.5,gpt-oss-120b,CAR0005,0.3238095238095238,0.3888888888888889
temp_0.5,gpt-oss-120b,DER0001,0.3923076923076923,0.4496124031007752
temp_0.5,gpt-oss-120b,GAS0001,0.44680851063829785,0.5217391304347826
temp_0.5,gpt-oss-120b,GAS0002,0.41237113402061853,0.47572815533980584
temp_0.5,gpt-oss-120b,GAS0003,0.4158415841584158,0.39361702127659576
temp_0.5,gpt-oss-120b,GAS0004,0.3064516129032258,0.35051546391752575
temp_0.5,gpt-oss-120b,GAS0005,0.35333333333333333,0.33548387096774196
temp_0.5,gpt-oss-120b,MSK0003,0.3772455089820359,0.3877551020408163
temp_0.5,gpt-oss-120b,MSK0014,0.40217391304347827,0.48484848484848486
temp_0.5,gpt-oss-120b,MSK0016,0.39361702127659576,0.39215686274509803
temp_0.5,gpt-oss-120b,MSK0019,0.36363636363636365,0.42424242424242425
temp_0.5,gpt-oss-120b,MSK0028,0.3465909090909091,0.4012738853503185
temp_0.5,gpt-oss-120b,MSK0031,0.4927536231884058,0.4573643410852713
temp_0.5,gpt-oss-120b,MSK0035,0.40119760479041916,0.43506493506493504
temp_0.5,gpt-oss-120b,MSK0037,0.4303030303030303,0.4258064516129032
temp_0.5,gpt-oss-120b,MSK0038,0.39655172413793105,0.4591194968553459
temp_0.5,gpt-oss-120b,MSK0041,0.43646408839779005,0.44654088050314467
temp_0.5,gpt-oss-120b,RES0007,0.3253012048192771,0.4068965517241379
temp_0.5,gpt-oss-120b,RES0008,0.3838383838383838,0.3793103448275862
temp_0.5,gpt-oss-120b,RES0009,0.3435114503816794,0.3282442748091603
temp_0.5,gpt-oss-120b,RES0023,0.411214953271028,0.449438202247191
temp_0.5,gpt-oss-120b,RES0024,0.4188034188034188,0.4270833333333333
temp_0.5,gpt-oss-120b,RES0027,0.4228187919463087,0.4295774647887324
temp_0.5,gpt-oss-120b,RES0029,0.3695652173913043,0.5
temp_0.5,gpt-oss-120b,RES0036,0.3925925925925926,0.4316546762589928
temp_0.5,gpt-oss-120b,RES0058,0.4315068493150685,0.43137254901960786
temp_0.5,gpt-oss-120b,RES0060,0.43352601156069365,0.46308724832214765
temp_0.5,gpt-oss-120b,RES0062,0.3891891891891892,0.4444444444444444
temp_0.5,gpt-oss-120b,RES0065,0.4661016949152542,0.5096153846153846
temp_0.5,gpt-oss-120b,RES0073,0.46825396825396826,0.43478260869565216
temp_0.5,gpt-oss-120b,RES0111,0.45871559633027525,0.504950495049505
temp_0.5,gpt-oss-120b,RES0143,0.37272727272727274,0.45098039215686275
temp_0.5,gpt-oss-120b,RES0155,0.4405594405594406,0.496
temp_0.5,gpt-oss-120b,RES0168,0.4830508474576271,0.5084745762711864
temp_0.5,gpt-oss-120b,RES0178,0.5116279069767442,0.49193548387096775
temp_0.5,gpt-oss-120b,RES0193,0.41496598639455784,0.4748201438848921
temp_0.5,gpt-oss-120b,RES0194,0.375,0.4393939393939394
temp_0.5,gpt-oss-20b,CAR0001,0.41739130434782606,0.4537037037037037
temp_0.5,gpt-oss-20b,CAR0002,0.3565217391304348,0.36538461538461536
temp_0.5,gpt-oss-20b,CAR0004,0.42528735632183906,0.42696629213483145
temp_0.5,gpt-oss-20b,CAR0005,0.3047619047619048,0.32407407407407407
temp_0.5,gpt-oss-20b,DER0001,0.34615384615384615,0.3875968992248062
temp_0.5,gpt-oss-20b,GAS0001,0.39361702127659576,0.42391304347826086
temp_0.5,gpt-oss-20b,GAS0002,0.29896907216494845,0.3592233009708738
temp_0.5,gpt-oss-20b,GAS0003,0.36633663366336633,0.3617021276595745
temp_0.5,gpt-oss-20b,GAS0004,0.33064516129032256,0.30927835051546393
temp_0.5,gpt-oss-20b,GAS0005,0.28,0.27741935483870966
temp_0.5,gpt-oss-20b,MSK0003,0.38922155688622756,0.4013605442176871
temp_0.5,gpt-oss-20b,MSK0014,0.3858695652173913,0.38181818181818183
temp_0.5,gpt-oss-20b,MSK0016,0.3191489361702128,0.3382352941176471
temp_0.5,gpt-oss-20b,MSK0019,0.3706293706293706,0.3787878787878788
temp_0.5,gpt-oss-20b,MSK0028,0.3977272727272727,0.4140127388535032
temp_0.5,gpt-oss-20b,MSK0031,0.5072463768115942,0.46511627906976744
temp_0.5,gpt-oss-20b,MSK0035,0.32934131736526945,0.36363636363636365
temp_0.5,gpt-oss-20b,MSK0037,0.40606060606060607,0.432258064516129
temp_0.5,gpt-oss-20b,MSK0038,0.367816091954023,0.42138364779874216
temp_0.5,gpt-oss-20b,MSK0041,0.35911602209944754,0.44025157232704404
temp_0.5,gpt-oss-20b,RES0007,0.24096385542168675,0.3448275862068966
temp_0.5,gpt-oss-20b,RES0008,0.31313131313131315,0.27586206896551724
temp_0.5,gpt-oss-20b,RES0009,0.35877862595419846,0.37404580152671757
temp_0.5,gpt-oss-20b,RES0023,0.42990654205607476,0.4606741573033708
temp_0.5,gpt-oss-20b,RES0024,0.3418803418803419,0.3541666666666667
temp_0.5,gpt-oss-20b,RES0027,0.31543624161073824,0.3591549295774648
temp_0.5,gpt-oss-20b,RES0029,0.43478260869565216,0.4186046511627907
temp_0.5,gpt-oss-20b,RES0036,0.37777777777777777,0.4244604316546763
temp_0.5,gpt-oss-20b,RES0058,0.3219178082191781,0.33986928104575165
temp_0.5,gpt-oss-20b,RES0060,0.4161849710982659,0.38926174496644295
temp_0.5,gpt-oss-20b,RES0062,0.2756756756756757,0.28888888888888886
temp_0.5,gpt-oss-20b,RES0065,0.3898305084745763,0.4519230769230769
temp_0.5,gpt-oss-20b,RES0073,0.49206349206349204,0.4434782608695652
temp_0.5,gpt-oss-20b,RES0111,0.41284403669724773,0.46534653465346537
temp_0.5,gpt-oss-20b,RES0143,0.3090909090909091,0.4411764705882353
temp_0.5,gpt-oss-20b,RES0155,0.34965034965034963,0.448
temp_0.5,gpt-oss-20b,RES0168,0.3389830508474576,0.3898305084745763
temp_0.5,gpt-oss-20b,RES0178,0.3953488372093023,0.3467741935483871
temp_0.5,gpt-oss-20b,RES0193,0.4217687074829932,0.4244604316546763
temp_0.5,gpt-oss-20b,RES0194,0.34868421052631576,0.3787878787878788
temp_0.7,gpt-oss-120b,CAR0001,0.4,0.3888888888888889
temp_0.7,gpt-oss-120b,CAR0002,0.46956521739130436,0.41346153846153844
temp_0.7,gpt-oss-120b,CAR0004,0.4942528735632184,0.5056179775280899
temp_0.7,gpt-oss-120b,CAR0005,0.3047619047619048,0.37037037037037035
temp_0.7,gpt-oss-120b,DER0001,0.36153846153846153,0.4496124031007752
temp_0.7,gpt-oss-120b,GAS0001,0.48936170212765956,0.5108695652173914
temp_0.7,gpt-oss-120b,GAS0002,0.4020618556701031,0.4077669902912621
temp_0.7,gpt-oss-120b,GAS0003,0.42574257425742573,0.3723404255319149
temp_0.7,gpt-oss-120b,GAS0004,0.3709677419354839,0.422680412371134
temp_0.7,gpt-oss-120b,GAS0005,0.36,0.3548387096774194
temp_0.7,gpt-oss-120b,MSK0003,0.41317365269461076,0.4217687074829932
temp_0.7,gpt-oss-120b,MSK0014,0.42391304347826086,0.45454545454545453
temp_0.7,gpt-oss-120b,MSK0016,0.35106382978723405,0.4068627450980392
temp_0.7,gpt-oss-120b,MSK0019,0.3146853146853147,0.3484848484848485
temp_0.7,gpt-oss-120b,MSK0028,0.4090909090909091,0.42038216560509556
temp_0.7,gpt-oss-120b,MSK0031,0.4855072463768116,0.4883720930232558
temp_0.7,gpt-oss-120b,MSK0035,0.38323353293413176,0.4155844155844156
temp_0.7,gpt-oss-120b,MSK0037,0.45454545454545453,0.432258064516129
temp_0.7,gpt-oss-120b,MSK0038,0.43103448275862066,0.44025157232704404
temp_0.7,gpt-oss-120b,MSK0041,0.4419889502762431,0.5094339622641509
temp_0.7,gpt-oss-120b,RES0007,0.3433734939759036,0.38620689655172413
temp_0.7,gpt-oss-120b,RES0008,0.43434343434343436,0.40229885057471265
temp_0.7,gpt-oss-120b,RES0009,0.3893129770992366,0.37404580152671757
temp_0.7,gpt-oss-120b,RES0023,0.42990654205607476,0.4606741573033708
temp_0.7,gpt-oss-120b,RES0024,0.41025641025641024,0.4479166666666667
temp_0.7,gpt-oss-120b,RES0027,0.42953020134228187,0.4225352112676056
temp_0.7,gpt-oss-120b,RES0029,0.3804347826086957,0.4883720930232558
temp_0.7,gpt-oss-120b,RES0036,0.4444444444444444,0.4244604316546763
temp_0.7,gpt-oss-120b,RES0058,0.3493150684931507,0.37254901960784315
temp_0.7,gpt-oss-120b,RES0060,0.3930635838150289,0.4429530201342282
temp_0.7,gpt-oss-120b,RES0062,0.34594594594594597,0.4222222222222222
temp_0.7,gpt-oss-120b,RES0065,0.5254237288135594,0.5288461538461539
temp_0.7,gpt-oss-120b,RES0073,0.4523809523809524,0.4608695652173913
temp_0.7,gpt-oss-120b,RES0111,0.48623853211009177,0.49504950495049505
temp_0.7,gpt-oss-120b,RES0143,0.37272727272727274,0.43137254901960786
temp_0.7,gpt-oss-120b,RES0155,0.4405594405594406,0.44
temp_0.7,gpt-oss-120b,RES0168,0.4576271186440678,0.4322033898305085
temp_0.7,gpt-oss-120b,RES0178,0.4263565891472868,0.41935483870967744
temp_0.7,gpt-oss-120b,RES0193,0.42857142857142855,0.38848920863309355
temp_0.7,gpt-oss-120b,RES0194,0.34868421052631576,0.3939393939393939
temp_0.7,gpt-oss-20b,CAR0001,0.391304347826087,0.42592592592592593
temp_0.7,gpt-oss-20b,CAR0002,0.41739130434782606,0.3942307692307692
temp_0.7,gpt-oss-20b,CAR0004,0.45977011494252873,0.47191011235955055
temp_0.7,gpt-oss-20b,CAR0005,0.29523809523809524,0.32407407407407407
temp_0.7,gpt-oss-20b,DER0001,0.4153846153846154,0.3953488372093023
temp_0.7,gpt-oss-20b,GAS0001,0.40425531914893614,0.3804347826086957
temp_0.7,gpt-oss-20b,GAS0002,0.44329896907216493,0.42718446601941745
temp_0.7,gpt-oss-20b,GAS0003,0.37623762376237624,0.3829787234042553
temp_0.7,gpt-oss-20b,GAS0004,0.27419354838709675,0.27835051546391754
temp_0.7,gpt-oss-20b,GAS0005,0.29333333333333333,0.2903225806451613
temp_0.7,gpt-oss-20b,MSK0003,0.33532934131736525,0.36054421768707484
temp_0.7,gpt-oss-20b,MSK0014,0.33152173913043476,0.34545454545454546
temp_0.7,gpt-oss-20b,MSK0016,0.324468085106383,0.3480392156862745
temp_0.7,gpt-oss-20b,MSK0019,0.34265734265734266,0.38636363636363635
temp_0.7,gpt-oss-20b,MSK0028,0.375,0.3630573248407643
temp_0.7,gpt-oss-20b,MSK0031,0.427536231884058,0.3875968992248062
temp_0.7,gpt-oss-20b,MSK0035,0.32335329341317365,0.33766233766233766
temp_0.7,gpt-oss-20b,MSK0037,0.38181818181818183,0.4129032258064516
temp_0.7,gpt-oss-20b,MSK0038,0.3448275862068966,0.3836477987421384
temp_0.7,gpt-oss-20b,MSK0041,0.39779005524861877,0.48427672955974843
temp_0.7,gpt-oss-20b,RES0007,0.22289156626506024,0.2413793103448276
temp_0.7,gpt-oss-20b,RES0008,0.36363636363636365,0.3448275862068966
temp_0.7,gpt-oss-20b,RES0009,0.3511450381679389,0.3282442748091603
temp_0.7,gpt-oss-20b,RES0023,0.4205607476635514,0.43820224719101125
temp_0.7,gpt-oss-20b,RES0024,0.36752136752136755,0.3333333333333333
temp_0.7,gpt-oss-20b,RES0027,0.38926174496644295,0.39436619718309857
temp_0.7,gpt-oss-20b,RES0029,0.41304347826086957,0.3953488372093023
temp_0.7,gpt-oss-20b,RES0036,0.37037037037037035,0.3237410071942446
temp_0.7,gpt-oss-20b,RES0058,0.3493150684931507,0.35294117647058826
temp_0.7,gpt-oss-20b,RES0060,0.3583815028901734,0.35570469798657717
temp_0.7,gpt-oss-20b,RES0062,0.3675675675675676,0.35555555555555557
temp_0.7,gpt-oss-20b,RES0065,0.3559322033898305,0.49038461538461536
temp_0.7,gpt-oss-20b,RES0073,0.38095238095238093,0.3826086956521739
temp_0.7,gpt-oss-20b,RES0111,0.42201834862385323,0.39603960396039606
temp_0.7,gpt-oss-20b,RES0143,0.3090909090909091,0.4117647058823529
temp_0.7,gpt-oss-20b,RES0155,0.34265734265734266,0.448
temp_0.7,gpt-oss-20b,RES0168,0.3389830508474576,0.3559322033898305
temp_0.7,gpt-oss-20b,RES0178,0.3798449612403101,0.3870967741935484
temp_0.7,gpt-oss-20b,RES0193,0.3401360544217687,0.3597122302158273
temp_0.7,gpt-oss-20b,RES0194,0.27631578947368424,0.4015151515151515
